timestamp,SOC_bat_kWh,SOC_h2_kg,SOC_tes_kWh,T_in_C,u_P_bat_ch,u_P_bat_dis,u_P_elz,u_P_fc,u_P_hp,u_P_eboiler,u_Q_tes_ch,u_Q_tes_dis,u_vent,u_P_grid,P_pv_kW,P_load_kW,price_EUR_kWh,T_out_C,G_Wm2,grid_cost_EUR,elec_residual_kW,Q_air_kW,T_violation_C
2023-06-01 00:00:00+00:00,500.0,60.0,1600.0,19.0,0.0,0.0,0.0,0.0,22.57619047619044,0.0,0.0,0.0,0.0,142.57619047619045,0.0,120.0,0.0701,15.04,0.0,13.558995714285711,0.0,79.01666666666654,0.0
2023-06-01 01:00:00+00:00,500.0,60.0,1592.0,16.499999999999996,0.0,0.0,0.0,0.0,39.657142857142844,0.0,0.0,0.0,0.0,159.65714285714284,0.0,120.0,0.06651,14.82,0.0,14.610225142857141,0.0,138.79999999999995,0.0
2023-06-01 02:00:00+00:00,500.0,60.0,1584.04,16.5,0.0,0.0,0.0,0.0,42.357142857142826,0.0,0.0,0.0,0.0,162.35714285714283,0.0,120.0,0.06766,14.55,0.0,15.044012857142853,0.0,148.2499999999999,0.0
2023-06-01 03:00:00+00:00,500.0,60.0,1576.1198,16.5,0.0,0.0,0.0,0.0,46.357142857142826,0.0,0.0,0.0,0.0,166.35714285714283,0.0,120.0,0.0798,14.15,0.0,17.43422857142857,0.0,162.2499999999999,0.0
2023-06-01 04:00:00+00:00,500.0,60.0,1568.2392009999999,16.5,0.0,0.0,0.0,0.0,45.398285714285684,0.0,0.0,0.0,0.0,161.31328571428568,4.085,120.0,0.09589,13.77,20.82,19.501163109999997,0.0,175.5499999999999,0.0
2023-06-01 05:00:00+00:00,500.0,60.0,1560.3980049949998,16.5,0.0,0.0,0.0,0.0,28.319999999999958,0.0,0.0,0.0,0.0,126.53499999999997,21.785,120.0,0.10445,14.22,75.85,16.379955749999997,0.0,159.79999999999984,0.0
2023-06-01 06:00:00+00:00,500.0,60.0,1552.5960149700247,16.5,0.0,0.0,0.0,0.0,0.0,0.0,0.0,0.0,0.0,78.49959022944648,84.63,163.12959022944648,0.0990699999999999,15.53,234.93,9.739444159767416,0.0,187.944,0.0
2023-06-01 07:00:00+00:00,500.0,60.0,1544.8330348951747,17.82526567164179,29.95898093731978,0.0,0.0,0.0,0.0,0.0,0.0,0.0,0.0,0.0,166.23,136.2710190626802,0.0873,16.99,415.23,0.0,0.0,332.184,0.0
2023-06-01 08:00:00+00:00,528.760621699827,60.0,1537.1088697206987,21.81839465359769,110.99898093731977,0.0,0.0,0.0,0.0,0.0,0.0,0.0,1.0,0.0,247.26999999999998,136.2710190626802,0.06819,18.52,610.76,0.0,0.0,488.608,0.0
2023-06-01 09:00:00+00:00,635.319643399654,60.0,1529.4233253720952,20.38576373400632,190.24398093731978,0.0,0.0,0.0,0.0,0.0,0.0,0.0,1.0,0.0,326.515,136.2710190626802,0.05992,19.98,818.94,0.0,0.0,655.1520000000002,0.0
2023-06-01 10:00:00+00:00,817.9538650994809,60.0,1521.7762087452347,22.261193789414193,85.46472385470736,0.0,0.0,0.0,0.0,0.0,0.0,0.0,1.0,-145.07925708261243,366.815,136.2710190626802,0.0354,21.19,935.78,-5.13580570072448,0.0,748.6239999999999,0.0
2023-06-01 11:00:00+00:00,900.0,60.0,1514.1673277015086,23.890744771124936,0.0,0.0,0.0,0.0,0.0,0.0,0.0,0.0,1.0,-258.50898093731973,394.78,136.2710190626802,0.00934,22.0,1020.5,-2.4144738819545664,0.0,816.4,1.0324059259873728
2023-06-01 12:00:00+00:00,900.0,60.0,1506.5964910630012,25.032405925987373,0.0,0.0,0.0,0.0,0.0,0.0,0.0,0.0,1.0,-233.5789809373198,369.85,136.2710190626802,0.00297,22.61,956.62,-0.6937295733838399,0.0,765.296,1.4859457594452188
2023-06-01 13:00:00+00:00,900.0,60.0,1499.0635086076861,25.48594575944522,0.0,0.0,0.0,0.0,0.0,0.0,0.0,0.0,1.0,-236.62398093731977,372.895,136.2710190626802,0.0001,23.09,965.57,-0.023662398093731978,0.0,772.4560000000001,1.991777993440163
2023-06-01 14:00:00+00:00,900.0,60.0,1491.5681910646476,25.991777993440163,0.0,0.0,0.0,0.0,0.0,0.0,0.0,0.0,1.0,-124.05898093731977,260.33,136.2710190626802,0.0556,23.38,662.11,-6.897679340114979,0.0,529.688,1.3504236151009934
2023-06-01 15:00:00+00:00,900.0,60.0,1484.1103501093244,25.350423615100993,0.0,0.0,0.0,0.0,0.0,0.0,0.0,0.0,1.0,-5.427719739085006,145.965,140.537280260915,0.07199,23.45,373.78,-0.3907415440167296,0.0,299.024,0.4608774930863966
2023-06-01 16:00:00+00:00,900.0,60.0,1476.6897983587778,24.460877493086397,0.0,0.0,0.0,0.0,0.0,0.0,0.0,0.0,1.0,77.64505513126936,86.425,164.07005513126936,0.0761,23.39,229.15,7.849915073771333,0.0,183.32,0.0
2023-06-01 17:00:00+00:00,900.0,60.0,1469.306349366984,23.881061685104758,0.0,0.0,0.0,0.0,0.0,0.0,0.0,0.0,0.0,131.5742541968133,47.74499999999995,179.31925419681326,0.08794,22.97,135.43,14.859996268988096,0.0,108.344,0.0
2023-06-01 18:00:00+00:00,900.0,60.0,1461.9598176201491,23.817602121307743,0.0,0.0,0.0,0.0,0.0,0.0,0.0,0.0,0.0,183.57309717951364,11.00999999999995,194.5830971795136,0.1142,21.89,41.62,25.5533751273883,0.0,33.296,0.0
2023-06-01 19:00:00+00:00,900.0,60.0,1454.6500185320483,21.772764970637215,0.0,0.0,0.0,0.0,0.0,0.0,0.0,0.0,0.0,197.7385571981595,1.555,199.2935571981595,0.10343,20.12,12.67,25.395562900959625,0.0,10.136,0.0
2023-06-01 20:00:00+00:00,900.0,60.0,1447.3767684393881,19.485407824864637,0.0,0.0,0.0,0.0,0.0,0.0,0.0,0.0,0.0,201.3550953134011,0.0,201.3550953134011,0.09541,18.45,0.0,24.24516702668663,0.0,0.0,0.0
2023-06-01 21:00:00+00:00,900.0,60.0,1440.1398845971912,17.40351038241218,0.0,0.0,0.0,0.0,8.879104866594162,0.0,0.0,0.0,0.0,210.23420017999527,0.0,201.3550953134011,0.08653,17.36,0.0,23.44742034607487,0.0,31.076867033079566,0.0
2023-06-01 22:00:00+00:00,900.0,60.0,1432.9391851742052,16.5,0.0,0.0,0.0,0.0,22.157142857142812,0.0,0.0,0.0,0.0,142.15714285714282,0.0,120.0,0.08359,16.57,0.0,15.436844142857138,0.0,77.54999999999984,0.0
2023-06-01 23:00:00+00:00,900.0,60.0,1425.7744892483342,16.5,0.0,0.0,0.0,0.0,28.257142857142817,0.0,0.0,0.0,0.0,148.2571428571428,0.0,120.0,0.0794,15.96,0.0,15.47804571428571,0.0,98.89999999999986,0.0
2023-06-02 00:00:00+00:00,900.0,60.0,1418.6456168020925,16.5,0.0,0.0,0.0,0.0,33.65714285714281,0.0,0.0,0.0,0.0,153.65714285714282,0.0,120.0,0.0795,15.42,0.0,16.057171428571422,0.0,117.79999999999983,0.0
2023-06-02 01:00:00+00:00,900.0,60.0,1411.552388718082,16.5,0.0,0.0,0.0,0.0,39.05714285714281,0.0,0.0,0.0,0.0,159.05714285714282,0.0,120.0,0.07662,14.88,0.0,16.163386857142854,0.0,136.69999999999982,0.0
2023-06-02 02:00:00+00:00,900.0,60.0,1404.4946267744917,16.5,0.0,0.0,0.0,0.0,44.357142857142826,0.0,0.0,0.0,0.0,164.35714285714283,0.0,120.0,0.0800999999999999,14.35,0.0,17.27393571428569,0.0,155.2499999999999,0.0
2023-06-02 03:00:00+00:00,900.0,60.0,1397.4721536406194,16.5,0.0,0.0,0.0,0.0,50.957142857142834,0.0,0.0,0.0,0.0,170.95714285714283,0.0,120.0,0.08874,13.69,0.0,19.444665428571426,0.0,178.3499999999999,0.0
2023-06-02 04:00:00+00:00,900.0,60.0,1390.4847928724162,16.5,0.0,0.0,0.0,0.0,51.67085714285711,0.0,0.0,0.0,0.0,166.3708571428571,5.3,120.0,0.1015,13.06,24.44,21.045913428571424,0.0,200.39999999999986,0.0
2023-06-02 05:00:00+00:00,900.0,60.0,1383.532368908054,16.5,0.0,0.0,0.0,0.0,36.04228571428569,0.0,0.0,0.0,0.0,141.4222857142857,14.62,120.0,0.10334,13.76,62.19,18.150136148571427,0.0,175.89999999999992,0.0
2023-06-02 06:00:00+00:00,900.0,60.0,1376.6147070635136,16.499999999999996,0.0,0.0,0.0,0.0,0.0,0.0,0.0,0.0,0.0,71.77830062796087,86.375,158.15330062796087,0.0959,16.71,249.79,8.67799654592047,0.0,199.832,0.0
2023-06-02 07:00:00+00:00,900.0,60.0,1369.731633528196,18.777886567164177,0.0,0.0,0.0,0.0,0.0,0.0,0.0,0.0,0.0,-40.946488498476924,176.195,135.24851150152307,0.08437,18.53,454.24,-3.454655234616498,0.0,363.392,0.0
2023-06-02 08:00:00+00:00,900.0,60.0,1362.882975360555,23.698172599688128,0.0,0.0,0.0,0.0,0.0,0.0,0.0,0.0,1.0,-118.4764884984769,253.72499999999997,135.24851150152307,0.07209,20.37,656.57,-8.5409700558552,0.0,525.256,0.0
2023-06-02 09:00:00+00:00,900.0,60.0,1356.0685604837522,22.38143815958372,0.0,0.0,0.0,0.0,0.0,0.0,0.0,0.0,1.0,-166.2164884984769,301.465,135.24851150152307,0.06315,21.78,789.6,-10.496571248678816,0.0,631.6800000000001,0.0
2023-06-02 10:00:00+00:00,900.0,60.0,1349.2882176813334,23.985380957620826,0.0,0.0,0.0,0.0,0.0,0.0,0.0,0.0,1.0,-213.6514884984769,348.9,135.24851150152307,0.05606,22.8,925.8,-11.977302445224614,0.0,740.6399999999999,1.4788355828681432
2023-06-02 11:00:00+00:00,900.0,60.0,1342.5417765929267,25.478835582868143,0.0,0.0,0.0,0.0,0.0,0.0,0.0,0.0,1.0,-244.06148849847693,379.31,135.24851150152307,0.04261,23.42,1006.42,-10.399460024920103,0.0,805.136,2.4220654383443154
2023-06-02 12:00:00+00:00,900.0,60.0,1335.8290677099621,26.422065438344315,0.0,0.0,0.0,0.0,0.0,0.0,0.0,0.0,1.0,-244.66148849847696,379.91,135.24851150152307,0.03682,23.59,995.5,-9.008436006513922,0.0,796.4,2.6208848076827564
2023-06-02 13:00:00+00:00,900.0,60.0,1329.1499223714122,26.620884807682756,0.0,0.0,0.0,0.0,0.0,0.0,0.0,0.0,1.0,-219.34648849847696,354.595,135.24851150152307,0.0448999999999999,23.22,912.57,-9.848657333581594,0.0,730.056,2.0378805217982716
2023-06-02 14:00:00+00:00,900.0,60.0,1322.504172759555,26.03788052179827,0.0,0.0,0.0,0.0,0.0,0.0,0.0,0.0,1.0,-198.66648849847695,333.915,135.24851150152307,0.05827,22.59,847.85,-11.576296284806253,0.0,678.28,1.2093257753907345
2023-06-02 15:00:00+00:00,900.0,60.0,1315.8916518957574,25.209325775390734,0.0,0.0,0.0,0.0,0.0,0.0,0.0,0.0,1.0,-82.59148849847693,217.84,135.24851150152307,0.07662,21.84,546.63,-6.328159848753303,0.0,437.30400000000003,0.0
2023-06-02 16:00:00+00:00,900.0,60.0,1309.3121936362786,23.511003076171882,0.0,0.0,0.0,0.0,0.0,0.0,0.0,0.0,1.0,-30.911488498476928,166.16,135.24851150152307,0.0852,20.96,423.39,-2.633658820070234,0.0,338.712,0.0
2023-06-02 17:00:00+00:00,900.0,60.0,1302.7656326680972,22.178988524118232,0.0,0.0,0.0,0.0,0.0,0.0,0.0,0.0,0.0,81.30461139238356,80.58,161.88461139238356,0.0987,19.92,225.32,10.057380429237847,0.0,180.256,0.0
2023-06-02 18:00:00+00:00,900.0,60.0,1296.2518045047566,22.55853601646203,0.0,0.0,0.0,0.0,0.0,0.0,0.0,0.0,0.0,168.11777263647895,18.75,186.86777263647895,0.1077399999999999,18.67,61.48,22.3159531397662,0.0,49.184,0.0
2023-06-02 19:00:00+00:00,900.0,60.0,1289.7705454822328,19.569017916590308,0.0,0.0,0.0,0.0,0.0,0.0,0.0,0.0,0.0,188.1968193548207,4.595,192.7918193548207,0.10109,16.74,22.63,23.72973695244934,0.0,18.104,0.0
2023-06-02 20:00:00+00:00,900.0,60.0,1283.3216927548217,16.6870186255934,0.0,0.0,0.0,0.0,33.34393675242021,0.0,0.0,0.0,0.0,229.58649426003558,0.0,196.24255750761537,0.09256,15.34,0.0,26.990188265209785,0.0,116.70377863347075,0.0
2023-06-02 21:00:00+00:00,900.0,60.0,1276.9050842910476,16.499999999999996,0.0,0.0,0.0,0.0,43.157142857142844,0.0,0.0,0.0,0.0,239.39970036475822,0.0,196.24255750761537,0.08506,14.47,0.0,26.34833102214529,0.0,151.04999999999995,0.0
2023-06-02 22:00:00+00:00,900.0,60.0,1270.5205588695924,16.5,0.0,0.0,0.0,0.0,49.55714285714282,0.0,0.0,0.0,0.0,169.55714285714282,0.0,120.0,0.08495,13.83,0.0,18.642807857142852,0.0,173.44999999999987,0.0
2023-06-02 23:00:00+00:00,900.0,60.0,1264.1679560752443,16.499999999999996,0.0,0.0,0.0,0.0,53.65714285714286,0.0,0.0,0.0,0.0,173.65714285714284,0.0,120.0,0.0803,13.42,0.0,18.28609714285714,0.0,187.8,0.0
2023-06-03 00:00:00+00:00,900.0,60.0,1257.847116294868,16.5,0.0,0.0,0.0,0.0,57.357142857142826,0.0,0.0,0.0,0.0,177.35714285714283,0.0,120.0,0.07779,13.05,0.0,18.230540714285713,0.0,200.7499999999999,0.0
2023-06-03 01:00:00+00:00,900.0,60.0,1251.5578807133938,16.5,0.0,0.0,0.0,0.0,60.957142857142834,0.0,0.0,0.0,0.0,180.95714285714283,0.0,120.0,0.0752,12.69,0.0,18.13190571428571,0.0,213.3499999999999,0.0
2023-06-03 02:00:00+00:00,900.0,60.0,1245.300091309827,16.5,0.0,0.0,0.0,0.0,62.557142857142836,0.0,0.0,0.0,0.0,182.55714285714282,0.0,120.0,0.0803499999999999,12.53,0.0,19.232394999999975,0.0,218.94999999999993,0.0
2023-06-03 03:00:00+00:00,900.0,60.0,1239.073590853278,16.5,0.0,0.0,0.0,0.0,64.25714285714284,0.0,0.0,0.0,0.0,184.25714285714284,0.0,120.0,0.07851,12.36,0.0,19.072456857142853,0.0,224.89999999999992,0.0
2023-06-03 04:00:00+00:00,900.0,60.0,1232.8782228990115,16.499999999999996,0.0,0.0,0.0,0.0,64.42171428571427,0.0,0.0,0.0,0.0,184.42171428571427,0.0,120.0,0.07764,12.24,4.53,18.929044754285712,0.0,229.09999999999994,0.0
2023-06-03 05:00:00+00:00,900.0,60.0,1226.7138317845163,16.499999999999996,0.0,0.0,0.0,0.0,55.28171428571427,0.0,0.0,0.0,0.0,172.66171428571425,2.62,120.0,0.07363,12.89,16.08,17.029624879999997,0.0,206.34999999999997,0.0
2023-06-03 06:00:00+00:00,900.0,60.0,1220.5802626255936,16.5,0.0,0.0,0.0,0.0,12.594285714285665,0.0,0.0,0.0,0.0,129.61654086826678,53.64,170.6622551539811,0.07,14.22,144.65,12.313571382485344,0.0,159.79999999999984,0.0
2023-06-03 07:00:00+00:00,900.0,60.0,1214.4773613124655,16.5,0.0,0.0,0.0,0.0,0.0,0.0,0.0,0.0,0.0,-15.39973087540298,152.645,137.24526912459703,0.0599699999999999,15.2,379.04,-0.9235218605979152,0.0,303.2320000000001,0.0
2023-06-03 08:00:00+00:00,900.0,60.0,1208.4049745059033,19.68325970149254,0.0,0.0,0.0,0.0,0.0,0.0,0.0,0.0,1.0,-114.73799840889797,248.995,134.25700159110204,0.02736,16.32,609.55,-3.139231636467448,0.0,487.63999999999993,0.0
2023-06-03 09:00:00+00:00,900.0,60.0,1202.3629496333738,18.187262190675288,0.0,0.0,0.0,0.0,0.0,0.0,0.0,0.0,1.0,-199.70799840889794,333.965,134.25700159110204,0.005,17.34,827.45,-0.9985399920444897,0.0,661.96,0.0
2023-06-03 10:00:00+00:00,900.0,60.0,1196.3511348852069,19.68375750738398,0.0,0.0,0.0,0.0,0.0,0.0,0.0,0.0,1.0,-199.04799840889797,333.305,134.25700159110204,-1e-05,18.02,829.91,0.00199047998408898,0.0,663.9279999999999,0.0
2023-06-03 11:00:00+00:00,900.0,60.0,1190.3693792107808,20.437939862164818,0.0,0.0,0.0,0.0,0.0,0.0,0.0,0.0,1.0,-224.75299840889795,359.01,134.25700159110204,-0.01,18.27,899.39,2.2475299840889797,0.0,719.512,0.0
2023-06-03 12:00:00+00:00,900.0,60.0,1184.417532314727,20.946263506690947,0.0,0.0,0.0,0.0,0.0,0.0,0.0,0.0,1.0,-113.81299840889793,248.06999999999996,134.25700159110204,-0.01005,18.11,613.87,1.1438206340094241,0.0,491.096,0.0
2023-06-03 13:00:00+00:00,900.0,60.0,1178.4954446531533,19.947855985886882,0.0,0.0,0.0,0.0,0.0,0.0,0.0,0.0,1.0,-127.97799840889797,262.235,134.25700159110204,-0.0038,17.73,647.92,0.4863163939538123,0.0,518.3359999999999,0.0
2023-06-03 14:00:00+00:00,900.0,60.0,1172.6029674298875,19.623972637287206,0.0,0.0,0.0,0.0,0.0,0.0,0.0,0.0,1.0,-159.17799840889796,293.435,134.25700159110204,1e-05,17.59,722.79,-0.0015917799840889798,0.0,578.232,0.0
2023-06-03 15:00:00+00:00,900.0,60.0,1166.739952592738,19.70311959587029,0.0,0.0,0.0,0.0,0.0,0.0,0.0,0.0,0.0,-59.59799840889795,193.855,134.25700159110204,0.04566,17.29,475.76,-2.7212446073502803,0.0,380.608,0.0
2023-06-03 16:00:00+00:00,900.0,60.0,1160.9062528297743,23.57444164025011,0.0,0.0,0.0,0.0,0.0,0.0,0.0,0.0,0.0,74.52948386176836,85.45,159.97948386176836,0.075,16.78,219.58,7.4529483861768355,0.0,175.66400000000002,0.0
2023-06-03 17:00:00+00:00,900.0,60.0,1155.1017215656254,21.02862449263064,0.0,0.0,0.0,0.0,0.0,0.0,0.0,0.0,0.0,117.4172551539811,53.245,170.6622551539811,0.08348,16.23,144.65,12.737423839103869,0.0,115.72000000000001,0.0
2023-06-03 18:00:00+00:00,900.0,60.0,1149.3262129577972,18.66029272113084,0.0,0.0,0.0,0.0,5.392543326602125,0.0,0.0,0.0,0.0,174.26632232108668,13.799999999999999,182.67377899448456,0.09408,15.58,60.4,20.751633661995,0.0,67.19390164310744,0.0
2023-06-03 19:00:00+00:00,900.0,60.0,1143.5795818930083,16.5,0.0,0.0,0.0,0.0,35.01999999999999,0.0,0.0,0.0,0.0,220.52449066752075,3.2,188.70449066752076,0.09368,14.87,18.1,26.171846552421364,0.0,137.04999999999995,0.0
2023-06-03 20:00:00+00:00,900.0,60.0,1137.8616839835431,16.5,0.0,0.0,0.0,0.0,45.45714285714281,0.0,0.0,0.0,0.0,236.74215081265305,0.0,191.28500795551025,0.08723,14.24,0.0,26.56957158570405,0.0,159.09999999999985,0.0
2023-06-03 21:00:00+00:00,900.0,60.0,1132.1723755636253,16.5,0.0,0.0,0.0,0.0,48.357142857142826,0.0,0.0,0.0,0.0,239.64215081265309,0.0,191.28500795551025,0.08117,13.95,0.0,25.44280715177938,0.0,169.2499999999999,0.0
2023-06-03 22:00:00+00:00,900.0,60.0,1126.5115136858071,16.5,0.0,0.0,0.0,0.0,51.25714285714282,0.0,0.0,0.0,0.0,171.2571428571428,0.0,120.0,0.08112,13.66,0.0,18.173807999999994,0.0,179.39999999999986,0.0
2023-06-03 23:00:00+00:00,900.0,60.0,1120.878956117378,16.5,0.0,0.0,0.0,0.0,52.75714285714283,0.0,0.0,0.0,0.0,172.75714285714284,0.0,120.0,0.0749,13.51,0.0,17.25843857142857,0.0,184.64999999999992,0.0
2023-06-04 00:00:00+00:00,900.0,60.0,1115.274561336791,16.499999999999996,0.0,0.0,0.0,0.0,54.45714285714286,0.0,0.0,0.0,0.0,174.45714285714286,0.0,120.0,0.07251,13.34,0.0,17.011316,0.0,190.60000000000002,0.0
2023-06-04 01:00:00+00:00,900.0,60.0,1109.698188530107,16.5,0.0,0.0,0.0,0.0,55.65714285714281,0.0,0.0,0.0,0.0,175.65714285714282,0.0,120.0,0.07161,13.22,0.0,16.970236571428565,0.0,194.79999999999984,0.0
2023-06-04 02:00:00+00:00,900.0,60.0,1104.1496975874566,16.5,0.0,0.0,0.0,0.0,57.457142857142834,0.0,0.0,0.0,0.0,177.45714285714283,0.0,120.0,0.073,13.04,0.0,17.390799999999995,0.0,201.0999999999999,0.0
2023-06-04 03:00:00+00:00,900.0,60.0,1098.6289490995193,16.5,0.0,0.0,0.0,0.0,58.857142857142826,0.0,0.0,0.0,0.0,178.85714285714283,0.0,120.0,0.07211,12.9,0.0,17.36881714285714,0.0,205.9999999999999,0.0
2023-06-04 04:00:00+00:00,900.0,60.0,1093.1358043540217,16.5,0.0,0.0,0.0,0.0,59.22971428571427,0.0,0.0,0.0,0.0,179.22971428571427,0.0,120.0,0.06897,12.78,3.62,16.84221625142857,0.0,210.19999999999993,0.0
2023-06-04 05:00:00+00:00,900.0,60.0,1087.6701253322517,16.5,0.0,0.0,0.0,0.0,49.489142857142824,0.0,0.0,0.0,0.0,161.1191428571429,8.369999999999951,120.0,0.06477,13.08,33.11,14.463665454285717,0.0,199.69999999999987,0.0
2023-06-04 06:00:00+00:00,900.0,60.0,1082.2317747055904,16.499999999999996,0.0,0.0,0.0,0.0,36.09085714285713,0.0,0.0,0.0,0.0,188.4230748383462,24.34,176.67221769548905,0.05081,13.49,73.79,14.284353303495024,0.0,185.34999999999997,0.0
2023-06-04 07:00:00+00:00,900.0,60.0,1076.8206158320625,16.5,0.0,0.0,0.0,0.0,17.126857142857112,0.0,0.0,0.0,0.0,128.32870853635148,55.659999999999954,166.86185139349433,0.0219299999999999,13.7,147.57,6.022466291610963,0.0,177.9999999999999,0.0
2023-06-04 08:00:00+00:00,900.0,60.0,1071.4365127529022,16.5,0.0,0.0,0.0,0.0,0.0,0.0,0.0,0.0,0.0,-39.97321726484853,173.27,133.29678273515148,0.00511,14.26,419.17,-0.204263140223376,0.0,335.336,0.0
2023-06-04 09:00:00+00:00,900.0,60.0,1066.0793301891376,19.669002985074627,0.0,0.0,0.0,0.0,0.0,0.0,0.0,0.0,0.0,60.546450149122876,94.33499999999995,154.88145014912283,0.0,14.61,237.67,1.513661253728072,0.0,190.136,0.0
2023-06-04 10:00:00+00:00,900.0,60.0,1060.748933538192,18.470272755624862,0.0,0.0,0.0,0.0,0.0,0.0,0.0,0.0,0.0,54.64193635329951,98.85,153.4919363532995,-0.01443,14.51,248.12,0.5775652672543761,0.0,198.49600000000004,0.0
2023-06-04 11:00:00+00:00,900.0,60.0,1055.445188870501,18.110030132695847,0.0,0.0,0.0,0.0,0.0,0.0,0.0,0.0,0.0,12.153920937047332,131.39999999999998,143.5539209370473,-0.08154,13.97,322.86,-0.6871826897806561,0.0,258.288,0.0
2023-06-04 12:00:00+00:00,900.0,60.0,1050.1679629261484,18.708005273393972,0.0,0.0,0.0,0.0,0.0,0.0,0.0,0.0,0.0,54.51783766668443,99.01,153.52783766668443,-0.0402299999999999,14.15,247.85,-0.8303066676635984,0.0,198.28,0.0
2023-06-04 13:00:00+00:00,900.0,60.0,1044.9171231115176,17.969195997535067,0.0,0.0,0.0,0.0,0.0,0.0,0.0,0.0,0.0,26.608315439845157,120.43999999999996,147.0483154398451,-0.025,13.96,296.58,0.0,0.0,237.26399999999998,0.0
2023-06-04 14:00:00+00:00,900.0,60.0,1039.69253749596,18.272637312513087,0.0,0.0,0.0,0.0,0.0,0.0,0.0,0.0,0.0,59.726450149122826,95.155,154.88145014912283,0.0,13.48,237.67,1.4931612537280707,0.0,190.136,0.0
2023-06-04 15:00:00+00:00,900.0,60.0,1034.4940748084803,17.240882579295928,0.0,0.0,0.0,0.0,18.218556075619478,0.0,0.0,0.0,0.0,125.92515020975719,58.4,166.1065941341377,0.0345,13.02,153.25,7.492546437480554,0.0,186.36494626466816,0.0
2023-06-04 16:00:00+00:00,900.0,60.0,1029.3216044344379,16.5,0.0,0.0,0.0,0.0,40.72514285714283,0.0,0.0,0.0,0.0,194.01999942459986,23.62999999999995,176.92485656745697,0.0782099999999999,13.07,71.89,20.024804140612936,0.0,200.0499999999999,0.0
2023-06-04 17:00:00+00:00,900.0,60.0,1024.1749964122657,16.5,0.0,0.0,0.0,0.0,34.82514285714283,0.0,0.0,0.0,0.0,164.86035067583617,41.305,171.34020781869336,0.082,12.7,113.89,17.64005752231447,0.0,212.9999999999999,0.0
2023-06-04 18:00:00+00:00,900.0,60.0,1019.0541214302044,16.5,0.0,0.0,0.0,0.0,53.645714285714256,0.0,0.0,0.0,0.0,220.05524972774495,13.785,180.19453544203068,0.094,12.34,47.3,26.186574717601648,0.0,225.5999999999999,0.0
2023-06-04 19:00:00+00:00,900.0,60.0,1013.9588508230534,16.5,0.0,0.0,0.0,0.0,67.45314285714282,0.0,0.0,0.0,0.0,250.2313534374666,1.9,184.67821058032376,0.1,11.73,13.58,31.278919179683324,0.0,246.94999999999987,0.0
2023-06-04 20:00:00+00:00,900.0,60.0,1008.889056568938,16.499999999999996,0.0,0.0,0.0,0.0,75.55714285714285,0.0,0.0,0.0,0.0,262.04105653290014,0.0,186.48391367575732,0.09766,11.23,0.0,32.14195599432553,0.0,264.45,0.0
2023-06-04 21:00:00+00:00,900.0,60.0,1003.8446112860934,16.499999999999996,0.0,0.0,0.0,0.0,80.95714285714287,0.0,0.0,0.0,0.0,267.4410565329002,0.0,186.48391367575732,0.08698,10.69,0.0,29.948049510554164,0.0,283.35,0.0
2023-06-04 22:00:00+00:00,900.0,60.0,998.8253882296628,16.5,0.0,0.0,0.0,0.0,84.25714285714284,0.0,0.0,0.0,0.0,204.25714285714284,0.0,120.0,0.0787099999999999,10.36,0.0,21.183508285714268,0.0,294.8999999999999,0.0
2023-06-04 23:00:00+00:00,900.0,60.0,993.8312612885145,16.499999999999996,0.0,0.0,0.0,0.0,87.35714285714286,0.0,0.0,0.0,0.0,207.35714285714286,0.0,120.0,0.0711,10.05,0.0,19.92702142857143,0.0,305.75,0.0
2023-06-05 00:00:00+00:00,900.0,60.0,988.862104982072,16.5,0.0,0.0,0.0,0.0,88.45714285714283,0.0,0.0,0.0,0.0,208.45714285714283,0.0,120.0,0.07007,9.94,0.0,19.81802057142857,0.0,309.5999999999999,0.0
2023-06-05 01:00:00+00:00,900.0,60.0,983.9177944571616,16.5,0.0,0.0,0.0,0.0,92.25714285714282,0.0,0.0,0.0,0.0,212.2571428571428,0.0,120.0,0.07103,9.56,0.0,20.383053428571422,0.0,322.89999999999986,0.0
2023-06-05 02:00:00+00:00,900.0,60.0,978.9982054848757,16.5,0.0,0.0,0.0,0.0,92.25714285714282,0.0,0.0,0.0,0.0,212.2571428571428,0.0,120.0,0.07407,9.56,0.0,21.02831514285714,0.0,322.89999999999986,0.0
2023-06-05 03:00:00+00:00,900.0,60.0,974.1032144574514,16.5,0.0,0.0,0.0,0.0,92.55714285714284,0.0,0.0,0.0,0.0,212.55714285714282,0.0,120.0,0.077,9.53,0.0,21.68082857142857,0.0,323.94999999999993,0.0
2023-06-05 04:00:00+00:00,900.0,60.0,969.2326983851641,16.5,0.0,0.0,0.0,0.0,92.12171428571423,0.0,0.0,0.0,0.0,212.12171428571423,0.0,120.0,0.0849,9.47,4.53,23.312176399999995,0.0,326.04999999999984,0.0
2023-06-05 05:00:00+00:00,900.0,60.0,964.3865348932383,16.5,0.0,0.0,0.0,0.0,85.96457142857139,0.0,0.0,0.0,0.0,203.00457142857138,2.96,120.0,0.09791,9.8,17.03,24.951291874285708,0.0,314.4999999999999,0.0
2023-06-05 06:00:00+00:00,900.0,60.0,959.564602218772,16.5,0.0,0.0,0.0,0.0,73.40971428571424,0.0,0.0,0.0,0.0,237.43279554841735,12.435,176.4580812627031,0.09995,10.45,43.52,29.667227803774747,0.0,291.7499999999999,0.0
2023-06-05 07:00:00+00:00,900.0,60.0,954.7667792076782,16.5,0.0,0.0,0.0,0.0,62.20228571428567,0.0,0.0,0.0,0.0,216.88781238469386,19.55,174.2355266704082,0.08355,11.16,61.49,23.54317203435852,0.0,266.89999999999986,0.0
2023-06-05 08:00:00+00:00,900.0,60.0,949.9929453116398,16.5,0.0,0.0,0.0,0.0,45.61371428571425,0.0,0.0,0.0,0.0,168.78782470818612,43.925,167.09911042247185,0.075,11.5,119.19,16.878782470818614,0.0,254.9999999999999,0.0
2023-06-05 09:00:00+00:00,900.0,60.0,945.2429805850816,16.5,0.0,0.0,0.0,0.0,51.7645714285714,0.0,0.0,0.0,0.0,173.2074267012315,45.305,166.7478552726601,0.07008,10.82,122.03,16.468562130753092,0.0,278.7999999999999,0.0
2023-06-05 10:00:00+00:00,900.0,60.0,940.5167656821561,16.5,0.0,0.0,0.0,0.0,0.0,0.0,0.0,0.0,0.0,-65.48186092212077,197.85,132.36813907787922,0.06835,10.8,470.92,-4.475685194026955,0.0,376.736,0.0
2023-06-05 11:00:00+00:00,900.0,60.0,935.8141818537454,18.241540298507463,0.0,0.0,0.0,0.0,0.0,0.0,0.0,0.0,0.0,27.860694873523926,118.22,146.08069487352392,0.06175,11.79,289.13,2.4169152802782006,0.0,231.30400000000003,0.0
2023-06-05 12:00:00+00:00,900.0,60.0,931.1351109444767,16.907213544219204,0.0,0.0,0.0,0.0,19.059538427266627,0.0,0.0,0.0,0.0,118.78853204428535,62.104999999999954,161.83399361701868,0.062,12.94,161.76,10.334602287852825,0.0,196.11638449543318,0.0
2023-06-05 13:00:00+00:00,900.0,60.0,926.4794353897543,16.5,0.0,0.0,0.0,0.0,8.551428571428541,0.0,0.0,0.0,0.0,49.52300319582791,108.075,149.04657462439937,0.064,11.87,265.15,4.407547284428684,0.0,242.0499999999999,0.0
2023-06-05 14:00:00+00:00,900.0,60.0,921.8470382128055,16.5,0.0,0.0,0.0,0.0,8.225714285714275,0.0,0.0,0.0,0.0,39.74628224041935,115.51,147.03056795470508,0.0653,11.53,281.45,3.589089286309867,0.0,253.94999999999993,0.0
2023-06-05 15:00:00+00:00,900.0,60.0,917.2378030217415,16.5,0.0,0.0,0.0,0.0,0.0,0.0,0.0,0.0,0.0,-69.09186092212079,201.46,132.36813907787922,0.0817099999999999,11.53,476.62,-5.645495955946482,0.0,381.29600000000005,0.0
2023-06-05 16:00:00+00:00,900.0,60.0,912.6516140066327,18.780823880597016,0.0,0.0,0.0,0.0,33.27109594882726,0.0,0.0,0.0,0.0,173.76030257750523,30.47,170.95920662867798,0.07612,12.09,87.98,17.57064179663733,0.0,186.8328358208954,0.0
2023-06-05 17:00:00+00:00,900.0,60.0,908.0883559365996,16.5,0.0,0.0,0.0,0.0,19.54114285714284,0.0,0.0,0.0,0.0,95.63508848563804,79.765,155.8589456284952,0.0849,12.03,210.07,10.510296224571622,0.0,236.44999999999993,0.0
2023-06-05 18:00:00+00:00,900.0,60.0,903.5479141569166,16.5,0.0,0.0,0.0,0.0,70.0965714285714,0.0,0.0,0.0,0.0,247.70473056157667,2.3599999999999497,179.96815913300523,0.119,11.43,15.14,35.66948120086704,0.0,257.4499999999999,0.0
2023-06-05 19:00:00+00:00,900.0,60.0,899.030174586132,16.499999999999996,0.0,500.0,0.0,0.0,73.4062857142857,0.0,0.0,0.0,0.0,-251.0705153867239,3.855,179.37819889899038,0.1205,10.99,19.91,-30.25399710410023,0.0,272.84999999999997,0.0
2023-06-05 20:00:00+00:00,379.16666666666663,60.0,894.5350237132013,16.5,0.0,0.0,0.0,0.0,82.65714285714283,0.0,0.0,0.0,0.0,264.49783824653895,0.0,181.8406953893961,0.10102,10.52,0.0,33.332017575828836,0.0,289.2999999999999,0.0
2023-06-05 21:00:00+00:00,379.16666666666663,60.0,890.0623485946353,16.5,0.0,0.0,0.0,0.0,86.85714285714282,0.0,0.0,0.0,0.0,268.69783824653894,0.0,181.8406953893961,0.088,10.1,0.0,30.3628557218589,0.0,303.9999999999999,0.0
2023-06-05 22:00:00+00:00,379.16666666666663,60.0,885.6120368516621,16.5,0.0,0.0,0.0,0.0,85.25714285714284,0.0,0.0,0.0,0.0,205.25714285714284,0.0,120.0,0.08023,10.26,0.0,21.59920914285714,0.0,298.3999999999999,0.0
2023-06-05 23:00:00+00:00,379.16666666666663,60.0,881.1839766674037,16.499999999999996,0.0,0.0,0.0,0.0,85.85714285714286,0.0,0.0,0.0,0.0,205.85714285714286,0.0,120.0,0.07912,10.2,0.0,21.433845714285713,0.0,300.5,0.0
2023-06-06 00:00:00+00:00,379.16666666666663,60.0,876.7780567840667,16.5,0.0,0.0,0.0,0.0,86.95714285714283,0.0,0.0,0.0,0.0,206.95714285714283,0.0,120.0,0.07862,10.09,0.0,21.44489914285714,0.0,304.3499999999999,0.0
2023-06-06 01:00:00+00:00,379.16666666666663,60.0,872.3941665001464,16.5,0.0,0.0,0.0,0.0,87.35714285714282,0.0,0.0,0.0,0.0,207.35714285714283,0.0,120.0,0.081,10.05,0.0,21.97985714285714,0.0,305.7499999999999,0.0
2023-06-06 02:00:00+00:00,379.16666666666663,60.0,868.0321956676456,16.5,0.0,0.0,0.0,0.0,87.35714285714282,0.0,0.0,0.0,0.0,207.35714285714283,0.0,120.0,0.065,10.05,0.0,18.662142857142854,0.0,305.7499999999999,0.0
2023-06-06 03:00:00+00:00,379.16666666666663,60.0,863.6920346893074,16.5,0.0,0.0,0.0,0.0,86.25714285714282,0.0,0.0,0.0,0.0,206.2571428571428,0.0,120.0,0.07934,10.16,0.0,21.52087028571428,0.0,301.89999999999986,0.0
2023-06-06 04:00:00+00:00,379.16666666666663,60.0,859.3735745158609,16.5,0.0,0.0,0.0,0.0,82.8708571428571,0.0,0.0,0.0,0.0,197.4708571428571,5.4,120.0,0.0726,9.94,24.44,19.273155657142855,0.0,309.5999999999999,0.0
2023-06-06 05:00:00+00:00,379.16666666666663,60.0,855.0767066432816,16.5,0.0,0.0,0.0,0.0,66.14628571428568,0.0,0.0,0.0,0.0,158.4462857142857,27.7,120.0,0.1087,10.3,81.86,21.184268399999997,0.0,296.9999999999999,0.0
2023-06-06 06:00:00+00:00,379.16666666666663,60.0,850.8013231100651,16.5,0.0,0.0,0.0,0.0,23.170285714285676,0.0,0.0,0.0,0.0,87.63961378117804,86.345,150.81432806689236,0.1118,11.18,231.38,11.989099165265156,0.0,266.1999999999999,0.0
2023-06-06 07:00:00+00:00,379.16666666666663,60.0,846.5473164945148,16.499999999999996,0.0,0.0,0.0,0.0,17.265714285714296,0.0,0.0,0.0,0.0,71.09475390413081,96.18,150.00903961841652,0.0949,11.61,238.4,8.524260993105283,0.0,251.15000000000003,0.0
2023-06-06 08:00:00+00:00,379.16666666666663,60.0,842.3145799120422,16.499999999999996,141.49865458011604,0.0,0.0,0.0,0.0,0.0,0.0,0.0,0.0,0.0,272.97,131.471345419884,0.08438,12.28,641.92,0.0,0.0,513.536,0.0
2023-06-06 09:00:00+00:00,515.005375063578,60.0,838.103007012482,21.619450746268654,160.238654580116,0.0,0.0,0.0,0.0,0.0,0.0,0.0,1.0,0.0,291.71,131.471345419884,0.08205,12.89,688.39,0.0,0.0,550.712,0.5592160630074385
2023-06-06 10:00:00+00:00,668.8344834604893,60.0,833.9124919774196,15.440783936992561,229.353654580116,0.0,0.0,0.0,0.0,0.0,0.0,0.0,1.0,0.0,360.825,131.471345419884,0.07436,13.19,856.39,0.0,0.0,685.112,0.26145277386054033
2023-06-06 11:00:00+00:00,889.0139918574007,60.0,829.7429295175325,15.73854722613946,11.443758481874275,0.0,0.0,0.0,0.0,0.0,0.0,0.0,1.0,-191.25489609824174,334.17,131.471345419884,0.0431,13.54,794.15,-8.24308602183422,0.0,635.32,0.11033328777366336
2023-06-06 12:00:00+00:00,900.0,60.0,825.5942148699448,15.889666712226337,0.0,0.0,0.0,0.0,0.0,0.0,0.0,0.0,0.0,-135.93865458011604,267.41,131.471345419884,0.0645699999999999,14.66,637.13,-8.777558926238079,0.0,509.704,0.0
2023-06-06 13:00:00+00:00,900.0,60.0,821.4662437955951,22.81502190754714,0.0,0.0,0.0,0.0,0.0,0.0,0.0,0.0,1.0,-158.49865458011604,289.97,131.471345419884,0.04987,14.75,690.31,-7.904327903910387,0.0,552.248,0.0
2023-06-06 14:00:00+00:00,900.0,60.0,817.3589125766172,17.252681262829572,0.0,0.0,0.0,0.0,0.0,0.0,0.0,0.0,0.0,1.256660059220735,137.655,138.91166005922074,0.06184,14.46,335.14,0.10912835954272865,0.0,268.112,0.0
2023-06-06 15:00:00+00:00,900.0,60.0,813.272118013734,18.871215396578204,0.0,0.0,0.0,0.0,0.0,0.0,0.0,0.0,0.0,88.41891705164515,68.645,157.06391705164515,0.07983,13.61,176.9,9.26895507452396,0.0,141.52,0.0
2023-06-06 16:00:00+00:00,900.0,60.0,809.2057574236653,16.674990819618735,0.0,0.0,0.0,0.0,19.079530835602732,0.0,0.0,0.0,0.0,110.44002030709727,66.355,157.71548947149455,0.09197,12.86,171.22,12.918169175321168,0.0,203.75435792460956,0.0
2023-06-06 17:00:00+00:00,900.0,60.0,805.159728636547,16.499999999999996,0.0,0.0,0.0,0.0,57.970285714285716,0.0,0.0,0.0,0.0,225.36644498354255,6.705,174.10115926925684,0.0782399999999999,12.34,28.38,23.266831780100915,0.0,225.60000000000002,0.0
2023-06-06 18:00:00+00:00,900.0,60.0,801.1339299933643,16.5,0.0,0.0,0.0,0.0,62.551428571428524,0.0,0.0,0.0,0.0,232.12018247904592,5.074999999999999,174.6437539076174,0.0849,11.99,23.65,25.510008054447148,0.0,237.84999999999985,0.0
2023-06-06 19:00:00+00:00,900.0,60.0,797.1282603433974,16.5,0.0,0.0,0.0,0.0,64.52971428571426,0.0,0.0,0.0,0.0,241.47117868093437,0.0,176.94146439522012,0.11441,12.25,3.62,33.66349701990906,0.0,228.74999999999991,0.0
2023-06-06 20:00:00+00:00,900.0,60.0,793.1426190416804,16.5,0.0,0.0,0.0,0.0,69.75714285714282,0.0,0.0,0.0,0.0,247.11386995656278,0.0,177.35672709941994,0.09897,11.81,0.0,30.63470645851509,0.0,244.1499999999999,0.0
2023-06-06 21:00:00+00:00,900.0,60.0,789.176905946472,16.5,0.0,0.0,0.0,0.0,73.45714285714283,0.0,0.0,0.0,0.0,250.81386995656277,0.0,177.35672709941994,0.08999,11.44,0.0,28.84108690630515,0.0,257.0999999999999,0.0
2023-06-06 22:00:00+00:00,900.0,60.0,785.2310214167396,16.5,0.0,0.0,0.0,0.0,75.35714285714282,0.0,0.0,0.0,0.0,195.35714285714283,0.0,120.0,0.0896599999999999,11.25,0.0,22.39964999999998,0.0,263.7499999999999,0.0
2023-06-06 23:00:00+00:00,900.0,60.0,781.304866309656,16.5,0.0,0.0,0.0,0.0,77.65714285714283,0.0,0.0,0.0,0.0,197.65714285714284,0.0,120.0,0.07836,11.02,0.0,20.429842285714283,0.0,271.7999999999999,0.0
2023-06-07 00:00:00+00:00,900.0,60.0,777.3983419781076,16.5,0.0,0.0,0.0,0.0,81.05714285714282,0.0,0.0,0.0,0.0,201.05714285714282,0.0,120.0,0.0724,10.68,0.0,19.582965714285713,0.0,283.6999999999999,0.0
2023-06-07 01:00:00+00:00,900.0,60.0,773.511350268217,16.499999999999996,0.0,0.0,0.0,0.0,82.45714285714287,0.0,0.0,0.0,0.0,202.45714285714286,0.0,120.0,0.08876,10.54,0.0,23.031524571428573,0.0,288.6,0.0
2023-06-07 02:00:00+00:00,900.0,60.0,769.6437935168759,16.5,0.0,0.0,0.0,0.0,85.35714285714282,0.0,0.0,0.0,0.0,205.35714285714283,0.0,120.0,0.07986,10.25,0.0,21.533749999999998,0.0,298.7499999999999,0.0
2023-06-07 03:00:00+00:00,900.0,60.0,765.7955745492916,16.5,0.0,0.0,0.0,0.0,86.95714285714283,0.0,0.0,0.0,0.0,206.95714285714283,0.0,120.0,0.08019,10.09,0.0,21.769821857142855,0.0,304.3499999999999,0.0
2023-06-07 04:00:00+00:00,900.0,60.0,761.9665966765451,16.5,0.0,0.0,0.0,0.0,81.78457142857141,0.0,0.0,0.0,0.0,197.0045714285714,4.78,120.0,0.076,10.09,22.63,19.89746171428571,0.0,304.3499999999999,0.0
2023-06-07 05:00:00+00:00,900.0,60.0,758.1567636931624,16.5,0.0,0.0,0.0,0.0,63.69485714285711,0.0,0.0,0.0,0.0,156.8298571428571,26.865,120.0,0.0972,10.48,84.71,19.164608542857135,0.0,290.6999999999999,0.0
2023-06-07 06:00:00+00:00,900.0,60.0,754.3659798746966,16.499999999999996,0.0,0.0,0.0,0.0,55.55142857142857,0.0,0.0,0.0,0.0,185.62662048196628,33.025,163.10019191053772,0.11125,11.09,93.65,25.29162704066791,0.0,269.35,0.0
2023-06-07 07:00:00+00:00,900.0,60.0,750.594149975323,16.5,0.0,0.0,0.0,0.0,0.0,0.0,0.0,0.0,0.0,-34.618332863162806,165.22499999999997,130.60666713683716,0.09422,12.5,401.75,-3.2617393223671995,0.0,321.4,0.0
2023-06-07 08:00:00+00:00,900.0,60.0,746.8411792254465,18.316119402985077,0.0,0.0,0.0,0.0,0.0,0.0,0.0,0.0,0.0,-88.43833286316283,219.045,130.60666713683716,0.0916,13.44,524.62,-8.100951290265716,0.0,419.696,0.0
2023-06-07 09:00:00+00:00,900.0,60.0,743.1069733293192,21.343555001113835,0.0,0.0,0.0,0.0,0.0,0.0,0.0,0.0,1.0,-119.8983328631628,250.50499999999997,130.60666713683716,0.08569,14.27,602.02,-10.274088143044422,0.0,481.616,0.0
2023-06-07 10:00:00+00:00,900.0,60.0,739.3914384626726,16.415856921914806,0.0,0.0,0.0,0.0,0.0,0.0,0.0,0.0,0.0,-96.36333286316284,226.97,130.60666713683716,0.07995,14.67,547.76,-7.704248462409868,0.0,438.208,0.0
2023-06-07 11:00:00+00:00,900.0,60.0,735.6944812703592,21.737104821610007,0.0,0.0,0.0,0.0,0.0,0.0,0.0,0.0,0.0,25.116873649275945,117.05,142.16687364927594,0.0703,15.37,291.01,2.3936380587759976,0.0,232.808,0.0
2023-06-07 12:00:00+00:00,900.0,60.0,732.0160088640074,20.4826450826903,0.0,0.0,0.0,0.0,0.0,0.0,0.0,0.0,0.0,-28.66934349108746,160.14999999999998,131.48065650891252,0.0732,15.52,391.76,-2.0985959435476023,0.0,313.408,0.0
2023-06-07 13:00:00+00:00,900.0,60.0,728.3559288196874,21.55217503085459,0.0,0.0,0.0,0.0,0.0,0.0,0.0,0.0,0.0,95.67145693252417,60.405,156.07645693252417,0.07226,15.82,159.87,9.305005901257301,0.0,127.896,0.0
2023-06-07 14:00:00+00:00,900.0,60.0,724.714149175589,18.816710086139775,0.0,0.0,0.0,0.0,0.0,0.0,0.0,0.0,0.0,90.57806622137936,64.49499999999999,155.07306622137935,0.0788,15.84,169.33,9.402003273779178,0.0,135.46400000000003,0.0
2023-06-07 15:00:00+00:00,900.0,60.0,721.0905784297111,17.94409779333574,0.0,0.0,0.0,0.0,0.0,0.0,0.0,0.0,0.0,3.3658781314947817,134.63999999999996,138.00587813149474,0.0757,15.14,330.24,0.33894392784152455,0.0,264.192,0.0
2023-06-07 16:00:00+00:00,900.0,60.0,717.4851255375625,19.48526634079692,0.0,0.0,0.0,0.0,0.0,0.0,0.0,0.0,0.0,0.6644781032844946,136.70499999999998,137.36947810328448,0.097,14.13,336.24,0.08106632860070835,0.0,268.992,0.0
2023-06-07 17:00:00+00:00,900.0,60.0,713.8976999098746,19.513165052536163,0.0,0.0,0.0,0.0,7.353636592046627,0.0,0.0,0.0,0.0,131.08420444165031,37.994999999999955,161.72556784960364,0.09993,13.82,106.61,16.376349660895375,0.0,111.02572807216319,0.0
2023-06-07 18:00:00+00:00,900.0,60.0,710.3282114103253,16.5,0.0,0.0,0.0,0.0,33.54742857142853,0.0,0.0,0.0,0.0,167.53840183373026,29.525,163.51597326230174,0.1178,13.38,89.73,23.924483781856683,0.0,189.19999999999987,0.0
2023-06-07 19:00:00+00:00,900.0,60.0,706.7765703532737,16.499999999999996,0.0,0.0,0.0,0.0,56.408,0.0,0.0,0.0,0.0,228.64887298771026,0.11999999999995,172.36087298771022,0.1123,13.0,6.34,31.39349026121262,0.0,202.5,0.0
2023-06-07 20:00:00+00:00,900.0,60.0,703.2426875015072,16.5,0.0,0.0,0.0,0.0,61.65714285714283,0.0,0.0,0.0,0.0,234.69047854132856,0.0,173.03333568418572,0.10489,12.62,0.0,30.483946257733166,0.0,215.7999999999999,0.0
2023-06-07 21:00:00+00:00,900.0,60.0,699.7264740639997,16.5,0.0,0.0,0.0,0.0,64.05714285714282,0.0,0.0,0.0,0.0,237.09047854132854,0.0,173.03333568418572,0.0949,12.38,0.0,28.42714837710529,0.0,224.19999999999987,0.0
2023-06-07 22:00:00+00:00,900.0,60.0,696.2278416936797,16.499999999999996,0.0,0.0,0.0,0.0,67.35714285714286,0.0,0.0,0.0,0.0,187.35714285714286,0.0,120.0,0.09393,12.05,0.0,22.282384999999998,0.0,235.75,0.0
2023-06-07 23:00:00+00:00,900.0,60.0,692.7467024852112,16.5,0.0,0.0,0.0,0.0,67.35714285714282,0.0,0.0,0.0,0.0,187.35714285714283,0.0,120.0,0.08926,12.05,0.0,21.40742714285714,0.0,235.74999999999986,0.0
2023-06-08 00:00:00+00:00,900.0,60.0,689.2829689727852,16.5,0.0,0.0,0.0,0.0,67.35714285714282,0.0,0.0,0.0,0.0,187.35714285714283,0.0,120.0,0.082,12.05,0.0,20.047214285714283,0.0,235.74999999999986,0.0
2023-06-08 01:00:00+00:00,900.0,60.0,685.8365541279212,16.5,0.0,0.0,0.0,0.0,67.35714285714282,0.0,0.0,0.0,0.0,187.35714285714283,0.0,120.0,0.07292,12.05,0.0,18.346011428571426,0.0,235.74999999999986,0.0
2023-06-08 02:00:00+00:00,900.0,60.0,682.4073713572816,16.5,0.0,0.0,0.0,0.0,67.95714285714281,0.0,0.0,0.0,0.0,187.9571428571428,0.0,120.0,0.07098,11.99,0.0,18.040126571428566,0.0,237.84999999999985,0.0
2023-06-08 03:00:00+00:00,900.0,60.0,678.9953345004952,16.5,0.0,0.0,0.0,0.0,66.35714285714282,0.0,0.0,0.0,0.0,186.35714285714283,0.0,120.0,0.08094,12.15,0.0,19.74267571428571,0.0,232.24999999999986,0.0
2023-06-08 04:00:00+00:00,900.0,60.0,675.6003578279928,16.5,0.0,0.0,0.0,0.0,65.42971428571425,0.0,0.0,0.0,0.0,185.42971428571425,0.0,120.0,0.08356,12.16,3.62,20.13024978285714,0.0,231.8999999999999,0.0
2023-06-08 05:00:00+00:00,900.0,60.0,672.2223560388528,16.5,0.0,0.0,0.0,0.0,54.42514285714282,0.0,0.0,0.0,0.0,164.6501428571428,9.775,120.0,0.0909,12.5,36.89,19.08295155714285,0.0,219.9999999999999,0.0
2023-06-08 06:00:00+00:00,900.0,60.0,668.8612442586585,16.5,0.0,0.0,0.0,0.0,21.17885714285712,0.0,0.0,0.0,0.0,114.38874917807051,60.019999999999996,153.2298920352134,0.0914,13.01,160.03,13.314850404327409,0.0,202.14999999999992,0.0
2023-06-08 07:00:00+00:00,900.0,60.0,665.5169380373652,16.499999999999996,0.0,0.0,0.0,0.0,0.0,0.0,0.0,0.0,0.0,45.3510879487485,99.12,144.4710879487485,0.08377,13.61,249.64,4.932837836185374,0.0,199.712,0.0
2023-06-08 08:00:00+00:00,900.0,60.0,662.1893533471783,16.832453731343282,0.0,0.0,0.0,0.0,0.0,0.0,0.0,0.0,0.0,25.04262085003259,115.68,140.7226208500326,0.07464,13.92,287.99,2.4952467414972475,0.0,230.392,0.0
2023-06-08 09:00:00+00:00,900.0,60.0,658.8784065804424,17.70032452662063,0.0,0.0,0.0,0.0,0.0,0.0,0.0,0.0,0.0,-112.37563989904598,242.15,129.77436010095403,0.0685,14.33,590.17,-7.69773133308465,0.0,472.136,0.0
2023-06-08 10:00:00+00:00,900.0,60.0,655.5840145475402,22.610915121873372,0.0,0.0,0.0,0.0,0.0,0.0,0.0,0.0,1.0,-164.53063989904598,294.305,129.77436010095403,0.06422,15.05,721.49,-10.566157694316733,0.0,577.192,0.0
2023-06-08 11:00:00+00:00,900.0,60.0,652.3060944748024,17.609131198849624,0.0,0.0,0.0,0.0,0.0,0.0,0.0,0.0,0.0,-107.39563989904596,237.17,129.77436010095403,0.0633,15.54,579.35,-6.7981440056096085,0.0,463.4800000000001,0.0
2023-06-08 12:00:00+00:00,900.0,60.0,649.0445640024284,23.180362387630456,0.0,0.0,0.0,0.0,0.0,0.0,0.0,0.0,1.0,-187.085639899046,316.86,129.77436010095403,0.06406,15.92,775.38,-11.984706091932887,0.0,620.304,0.0
2023-06-08 13:00:00+00:00,900.0,60.0,645.7993411824162,18.623172181403127,0.0,0.0,0.0,0.0,0.0,0.0,0.0,0.0,0.0,-102.55063989904593,232.32499999999996,129.77436010095403,0.06793,15.96,563.96,-6.966264968342191,0.0,451.16800000000006,0.0
2023-06-08 14:00:00+00:00,900.0,60.0,642.5703444765041,23.60150603783699,0.0,0.0,0.0,0.0,0.0,0.0,0.0,0.0,0.0,-7.02906290250948,141.89,134.8609370974905,0.07117,15.22,347.96,-0.5002584067715997,0.0,278.368,0.0
2023-06-08 15:00:00+00:00,900.0,60.0,639.3574927541216,21.90028732755112,0.0,0.0,0.0,0.0,0.0,0.0,0.0,0.0,0.0,20.19296537382506,119.735,139.92796537382506,0.0761,15.1,296.12,2.0415087992937138,0.0,236.89600000000002,0.0
2023-06-08 16:00:00+00:00,900.0,60.0,636.160705290351,20.44749825654893,0.0,0.0,0.0,0.0,0.0,0.0,0.0,0.0,0.0,110.9715570467088,45.695,156.6665570467088,0.08565,14.75,124.87,12.27900278721833,0.0,99.89600000000002,0.0
2023-06-08 17:00:00+00:00,900.0,60.0,632.9799017638992,17.23227845393617,0.0,0.0,0.0,0.0,17.645199678951318,0.0,0.0,0.0,0.0,140.41053646857668,36.12,158.88533678962537,0.09994,14.25,102.17,17.542892426383972,0.0,143.49419887632962,0.0
2023-06-08 18:00:00+00:00,900.0,60.0,629.8150022550797,16.499999999999996,0.0,0.0,0.0,0.0,31.570857142857143,0.0,0.0,0.0,0.0,165.07911108065318,27.329999999999952,160.838253937796,0.1138199999999999,13.75,82.19,22.916282200216255,0.0,176.25,0.0
2023-06-08 19:00:00+00:00,900.0,60.0,626.6659272438043,16.5,0.0,0.0,0.0,0.0,55.01599999999996,0.0,0.0,0.0,0.0,223.35705275128825,0.0,168.3410527512883,0.10502,13.16,5.43,29.0408839987225,0.0,196.89999999999986,0.0
2023-06-08 20:00:00+00:00,900.0,60.0,623.5325976075852,16.5,0.0,0.0,0.0,0.0,60.857142857142826,0.0,0.0,0.0,0.0,229.72894336191294,0.0,168.8718005047701,0.09658,12.7,0.0,27.930444933941374,0.0,212.9999999999999,0.0
2023-06-08 21:00:00+00:00,900.0,60.0,620.4149346195472,16.5,0.0,0.0,0.0,0.0,62.557142857142836,0.0,0.0,0.0,0.0,231.42894336191296,0.0,168.8718005047701,0.091,12.53,0.0,26.8457574299819,0.0,218.94999999999993,0.0
2023-06-08 22:00:00+00:00,900.0,60.0,617.3128599464495,16.5,0.0,0.0,0.0,0.0,64.45714285714283,0.0,0.0,0.0,0.0,184.45714285714283,0.0,120.0,0.095,12.34,0.0,22.13485714285714,0.0,225.5999999999999,0.0
2023-06-08 23:00:00+00:00,900.0,60.0,614.2262956467173,16.5,0.0,0.0,0.0,0.0,66.25714285714282,0.0,0.0,0.0,0.0,186.2571428571428,0.0,120.0,0.0897,12.16,0.0,21.36369428571428,0.0,231.8999999999999,0.0
2023-06-09 00:00:00+00:00,900.0,60.0,611.1551641684837,16.5,0.0,0.0,0.0,0.0,68.35714285714282,0.0,0.0,0.0,0.0,188.35714285714283,0.0,120.0,0.07973,11.95,0.0,19.726643571428568,0.0,239.24999999999986,0.0
2023-06-09 01:00:00+00:00,900.0,60.0,608.0993883476413,16.5,0.0,0.0,0.0,0.0,69.45714285714283,0.0,0.0,0.0,0.0,189.45714285714283,0.0,120.0,0.076,11.84,0.0,19.135171428571425,0.0,243.0999999999999,0.0
2023-06-09 02:00:00+00:00,900.0,60.0,605.0588914059031,16.5,0.0,0.0,0.0,0.0,71.45714285714281,0.0,0.0,0.0,0.0,191.4571428571428,0.0,120.0,0.07626,11.64,0.0,19.386950285714278,0.0,250.09999999999985,0.0
2023-06-09 03:00:00+00:00,900.0,60.0,602.0335969488735,16.5,0.0,0.0,0.0,0.0,72.65714285714283,0.0,0.0,0.0,0.0,192.65714285714284,0.0,120.0,0.08866,11.52,0.0,21.897410857142855,0.0,254.2999999999999,0.0
2023-06-09 04:00:00+00:00,900.0,60.0,599.0234289641292,16.5,0.0,0.0,0.0,0.0,72.81599999999996,0.0,0.0,0.0,0.0,192.81599999999997,0.0,120.0,0.09975,11.38,5.43,24.053796,0.0,259.1999999999999,0.0
2023-06-09 05:00:00+00:00,900.0,60.0,596.0283118193086,16.499999999999996,0.0,0.0,0.0,0.0,65.82114285714285,0.0,0.0,0.0,0.0,178.07614285714283,7.745,120.0,0.1039699999999999,11.49,31.22,22.96648014428569,0.0,255.34999999999997,0.0
2023-06-09 06:00:00+00:00,900.0,60.0,593.048170260212,16.5,0.0,0.0,0.0,0.0,54.55885714285711,0.0,0.0,0.0,0.0,187.33017945516863,25.31,158.08132231231153,0.10394,11.6,75.68,24.154353338949445,0.0,251.4999999999999,0.0
2023-06-09 07:00:00+00:00,900.0,60.0,590.082929408911,16.5,0.0,0.0,0.0,0.0,28.791999999999966,0.0,0.0,0.0,0.0,114.1258569660909,64.515,149.84885696609092,0.09139,12.08,167.41,13.28310849228332,0.0,234.69999999999987,0.0
2023-06-09 08:00:00+00:00,900.0,60.0,587.1325147618664,16.499999999999996,0.0,0.0,0.0,0.0,0.0,0.0,0.0,0.0,0.0,-29.82042201160033,159.82,129.99957798839966,0.08226,12.8,388.58,-2.453027914674243,0.0,310.864,0.0
2023-06-09 09:00:00+00:00,900.0,60.0,584.1968521880572,18.31547462686567,0.0,0.0,0.0,0.0,0.0,0.0,0.0,0.0,0.0,-90.00032939472297,218.975,128.97467060527703,0.07543,13.4,530.92,-6.788724846243953,0.0,424.736,0.0
2023-06-09 10:00:00+00:00,900.0,60.0,581.2758679271169,21.408508442860327,0.0,0.0,0.0,0.0,0.0,0.0,0.0,0.0,0.0,14.325093800232338,123.14499999999995,137.4700938002323,0.07003,14.0,305.34,1.361313663836079,0.0,244.272,0.0
2023-06-09 11:00:00+00:00,900.0,60.0,578.3694885874813,19.706553896589675,0.0,0.0,0.0,0.0,0.0,0.0,0.0,0.0,0.0,-61.37032939472297,190.345,128.97467060527703,0.06111,14.35,465.45,-3.750340829311521,0.0,372.36,0.0
2023-06-09 12:00:00+00:00,900.0,60.0,575.4776411445439,21.585012647981223,0.0,0.0,0.0,0.0,0.0,0.0,0.0,0.0,1.0,-165.77532939472297,294.75,128.97467060527703,0.06406,14.88,724.16,-10.619567601025954,0.0,579.328,0.0
2023-06-09 13:00:00+00:00,900.0,60.0,572.6002529388212,17.377781485991957,0.0,0.0,0.0,0.0,0.0,0.0,0.0,0.0,1.0,-166.49032939472295,295.465,128.97467060527703,0.06839,14.81,723.8,-11.386273627305103,0.0,579.04,0.0
2023-06-09 14:00:00+00:00,900.0,60.0,569.737251674127,16.96974767801237,0.0,0.0,0.0,0.0,0.0,0.0,0.0,0.0,1.0,-210.17032939472296,339.145,128.97467060527703,0.07264,14.65,830.06,-15.266772727232675,0.0,664.048,0.0
2023-06-09 15:00:00+00:00,900.0,60.0,566.8885654157564,17.121828312541723,0.0,0.0,0.0,0.0,0.0,0.0,0.0,0.0,0.0,-146.065329394723,275.04,128.97467060527703,0.08063,14.36,665.92,-11.777247509096513,0.0,532.736,0.0
2023-06-09 16:00:00+00:00,900.0,60.0,564.0541225886776,23.49923743005288,0.0,0.0,0.0,0.0,0.0,0.0,0.0,0.0,0.0,-63.54032939472296,192.515,128.97467060527703,0.095,13.91,473.09,-6.036331292498681,0.0,378.472,0.0
2023-06-09 17:00:00+00:00,900.0,60.0,561.2338519757342,22.833840832109285,0.0,0.0,0.0,0.0,0.0,0.0,0.0,0.0,0.0,51.41948340774201,90.625,142.044483407742,0.10412,13.45,254.37,6.639283697607649,0.0,203.49600000000004,0.0
2023-06-09 18:00:00+00:00,900.0,60.0,558.4276827158556,19.163301803025856,0.0,0.0,0.0,0.0,25.75844164865557,0.0,0.0,0.0,0.0,169.50568938132102,15.14,158.88724773266543,0.10645,13.1,66.7,22.28152286917465,0.0,143.5145457702945,0.0
2023-06-09 19:00:00+00:00,900.0,60.0,555.6355443022762,16.499999999999996,0.0,0.0,0.0,0.0,50.9377142857143,0.0,0.0,0.0,0.0,206.33700270481128,6.875,162.274288419097,0.10412,13.03,28.96,26.642233789245235,0.0,201.45000000000005,0.0
2023-06-09 20:00:00+00:00,900.0,60.0,552.8573665807648,16.5,0.0,0.0,0.0,0.0,67.05714285714282,0.0,0.0,0.0,0.0,231.93049588352804,0.0,164.87335302638522,0.09748,12.08,0.0,28.406847135814512,0.0,234.69999999999987,0.0
2023-06-09 21:00:00+00:00,900.0,60.0,550.093079747861,16.499999999999996,0.0,0.0,0.0,0.0,73.65714285714286,0.0,0.0,0.0,0.0,238.5304958835281,0.0,164.87335302638522,0.086,11.42,0.0,26.47688504307162,0.0,257.8,0.0
2023-06-09 22:00:00+00:00,900.0,60.0,547.3426143491217,16.5,0.0,0.0,0.0,0.0,76.55714285714282,0.0,0.0,0.0,0.0,196.55714285714282,0.0,120.0,0.08903,11.13,0.0,22.413410999999996,0.0,267.9499999999999,0.0
2023-06-09 23:00:00+00:00,900.0,60.0,544.6059012773761,16.499999999999996,0.0,0.0,0.0,0.0,80.75714285714285,0.0,0.0,0.0,0.0,200.75714285714287,0.0,120.0,0.0841,10.71,0.0,21.902604285714286,0.0,282.65,0.0
2023-06-10 00:00:00+00:00,900.0,60.0,541.8828717709893,16.5,0.0,0.0,0.0,0.0,83.95714285714281,0.0,0.0,0.0,0.0,203.9571428571428,0.0,120.0,0.08413,10.39,0.0,22.25784299999999,0.0,293.84999999999985,0.0
2023-06-10 01:00:00+00:00,900.0,60.0,539.1734574121343,16.5,0.0,0.0,0.0,0.0,87.45714285714283,0.0,0.0,0.0,0.0,207.45714285714283,0.0,120.0,0.0803199999999999,10.04,0.0,21.849386285714264,0.0,306.0999999999999,0.0
2023-06-10 02:00:00+00:00,900.0,60.0,536.4775901250737,16.5,0.0,0.0,0.0,0.0,92.15714285714283,0.0,0.0,0.0,0.0,212.15714285714284,0.0,120.0,0.07744,9.57,0.0,21.733377714285712,0.0,322.5499999999999,0.0
2023-06-10 03:00:00+00:00,900.0,60.0,533.7952021744483,16.5,0.0,0.0,0.0,0.0,98.55714285714282,0.0,0.0,0.0,0.0,218.55714285714282,0.0,120.0,0.07987,8.93,0.0,22.920087571428567,0.0,344.9499999999999,0.0
2023-06-10 04:00:00+00:00,900.0,60.0,531.126226163576,16.499999999999996,0.0,0.0,0.0,0.0,94.15142857142857,0.0,0.0,0.0,0.0,207.76642857142858,6.385,120.0,0.07943,8.75,27.15,21.697048135714287,0.0,351.25,0.0
2023-06-10 05:00:00+00:00,900.0,60.0,528.4705950327581,16.5,0.0,0.0,0.0,0.0,71.6845714285714,0.0,0.0,0.0,0.0,168.20457142857143,23.48,120.0,0.085,9.82,78.63,18.502502857142858,0.0,313.7999999999999,0.0
2023-06-10 06:00:00+00:00,900.0,60.0,525.8282420575943,16.5,0.0,0.0,0.0,0.0,11.771999999999966,0.0,0.0,0.0,0.0,67.51504499602416,85.695,141.4380449960242,0.08181,12.15,238.81,7.211281956025339,0.0,232.2499999999999,0.0
2023-06-10 07:00:00+00:00,900.0,60.0,523.1991008473062,16.5,0.0,0.0,0.0,0.0,0.0,0.0,0.0,0.0,0.0,-51.64716470920624,179.855,128.20783529079375,0.05971,12.77,445.39,-3.0838522047867043,0.0,356.312,0.0
2023-06-10 08:00:00+00:00,900.0,60.0,520.5831053430697,19.110662686567164,0.0,0.0,0.0,0.0,0.0,0.0,0.0,0.0,0.0,-134.08216470920627,262.29,128.20783529079375,0.01006,13.69,645.49,-1.348866576974615,0.0,516.392,0.0
2023-06-10 09:00:00+00:00,900.0,60.0,517.9801898163544,23.52861145021163,0.0,0.0,0.0,0.0,0.0,0.0,0.0,0.0,1.0,-173.12716470920623,301.335,128.20783529079375,-0.01,14.99,757.89,1.7312716470920624,0.0,606.312,0.0
2023-06-10 10:00:00+00:00,900.0,60.0,515.3902888672726,17.74257226793254,0.0,0.0,0.0,0.0,0.0,0.0,0.0,0.0,0.0,-61.49716470920626,189.705,128.20783529079375,-0.02201,15.92,476.88,1.3535525952496297,0.0,381.504,0.0
2023-06-10 11:00:00+00:00,900.0,60.0,512.8133374229362,22.000135920870356,0.0,0.0,0.0,0.0,0.0,0.0,0.0,0.0,0.0,70.964567822799,74.08,145.044567822799,-0.05627,16.25,194.87,-2.219062035818925,0.0,155.896,0.0
2023-06-10 12:00:00+00:00,900.0,60.0,510.24927073582154,19.754904448085956,0.0,0.0,0.0,0.0,0.0,0.0,0.0,0.0,0.0,88.0743357393143,59.765,147.8393357393143,-0.05005,16.76,160.82,-2.2062621102698223,0.0,128.656,0.0
2023-06-10 13:00:00+00:00,900.0,60.0,507.6980243821424,18.74895240600222,0.0,0.0,0.0,0.0,0.0,0.0,0.0,0.0,0.0,132.09356366341717,23.044999999999998,155.13856366341716,-0.01792,17.03,71.89,0.9352224307369941,0.0,57.512,0.0
2023-06-10 14:00:00+00:00,900.0,60.0,505.1595342602317,17.268630002239636,0.0,0.0,0.0,0.0,0.0,0.0,0.0,0.0,0.0,125.63102548738696,28.42,154.05102548738697,-0.0035,17.12,85.14,2.70106704797882,0.0,68.112,0.0
2023-06-10 15:00:00+00:00,900.0,60.0,502.6337365889305,16.962539553074496,0.0,0.0,0.0,0.0,0.0,0.0,0.0,0.0,0.0,117.18323113736477,35.47,152.65323113736477,0.0445,17.01,102.17,8.144234564046851,0.0,81.736,0.0
2023-06-10 16:00:00+00:00,900.0,60.0,500.12056790598587,17.023383415326304,0.0,0.0,0.0,0.0,0.0,0.0,0.0,0.0,0.0,125.06887183565351,28.905,153.9738718356535,0.07497,16.68,86.08,12.503135117410281,0.0,68.864,0.0
2023-06-10 17:00:00+00:00,900.0,60.0,497.61996506645596,16.60867739377847,0.0,0.0,0.0,0.0,8.840539322747146,0.0,0.0,0.0,0.0,145.37556420467345,19.37999999999995,155.91502488192626,0.08616,16.41,62.43,16.159947716991503,0.0,80.88588762961501,0.0
2023-06-10 18:00:00+00:00,900.0,60.0,495.1318652411237,16.499999999999996,0.0,0.0,0.0,0.0,20.51942857142857,0.0,0.0,0.0,0.0,173.8823238921286,5.58,158.94289532070005,0.1074,16.15,25.54,23.022019683317826,0.0,92.25,0.0
2023-06-10 19:00:00+00:00,900.0,60.0,492.6562059149181,16.5,0.0,0.0,0.0,0.0,30.774857142857105,0.0,0.0,0.0,0.0,189.79266268424573,1.13,160.1478055413886,0.1124899999999999,15.46,10.86,26.094593192456927,0.0,116.39999999999986,0.0
2023-06-10 20:00:00+00:00,900.0,60.0,490.1929248853435,16.5,0.0,0.0,0.0,0.0,37.957142857142834,0.0,0.0,0.0,0.0,198.9963193111116,0.0,161.03917645396876,0.098,14.99,0.0,24.476547275266725,0.0,132.8499999999999,0.0
2023-06-10 21:00:00+00:00,900.0,60.0,487.74196026091676,16.5,0.0,0.0,0.0,0.0,46.55714285714282,0.0,0.0,0.0,0.0,207.59631931111159,0.0,161.03917645396876,0.0873,14.13,0.0,23.313066658637833,0.0,162.94999999999987,0.0
2023-06-10 22:00:00+00:00,900.0,60.0,485.3032504596122,16.5,0.0,0.0,0.0,0.0,50.057142857142836,0.0,0.0,0.0,0.0,170.05714285714282,0.0,120.0,0.10243,13.78,0.0,21.67038171428571,0.0,175.19999999999993,0.0
2023-06-10 23:00:00+00:00,900.0,60.0,482.8767342073141,16.5,0.0,0.0,0.0,0.0,49.857142857142826,0.0,0.0,0.0,0.0,169.85714285714283,0.0,120.0,0.09,13.8,0.0,19.533571428571424,0.0,174.4999999999999,0.0
2023-06-11 00:00:00+00:00,900.0,60.0,480.46235053627754,16.5,0.0,0.0,0.0,0.0,50.25714285714283,0.0,0.0,0.0,0.0,170.25714285714284,0.0,120.0,0.0899,13.76,0.0,19.56254571428571,0.0,175.89999999999992,0.0
2023-06-11 01:00:00+00:00,900.0,60.0,478.06003878359616,16.499999999999996,0.0,0.0,0.0,0.0,50.75714285714285,0.0,0.0,0.0,0.0,170.75714285714287,0.0,120.0,0.077,13.71,0.0,17.417228571428574,0.0,177.64999999999998,0.0
2023-06-11 02:00:00+00:00,900.0,60.0,475.66973858967816,16.5,0.0,0.0,0.0,0.0,53.75714285714282,0.0,0.0,0.0,0.0,173.7571428571428,0.0,120.0,0.073,13.41,0.0,17.028199999999995,0.0,188.14999999999986,0.0
2023-06-11 03:00:00+00:00,900.0,60.0,473.29138989672975,16.5,0.0,0.0,0.0,0.0,54.857142857142826,0.0,0.0,0.0,0.0,174.85714285714283,0.0,120.0,0.073,13.3,0.0,17.135999999999996,0.0,191.9999999999999,0.0
2023-06-11 04:00:00+00:00,900.0,60.0,470.9249329472461,16.5,0.0,0.0,0.0,0.0,51.070857142857115,0.0,0.0,0.0,0.0,165.7708571428571,5.3,120.0,0.0601,13.12,24.44,14.10709994285714,0.0,198.2999999999999,0.0
2023-06-11 05:00:00+00:00,900.0,60.0,468.57030828250987,16.5,0.0,0.0,0.0,0.0,32.7205714285714,0.0,0.0,0.0,0.0,124.2455714285714,28.475,120.0,0.04892,13.55,85.91,9.184232639999998,0.0,183.2499999999999,0.0
2023-06-11 06:00:00+00:00,900.0,60.0,466.22745674109734,16.5,0.0,0.0,0.0,0.0,4.2788571428571105,0.0,0.0,0.0,0.0,81.88052638995927,66.5,144.10166924710217,0.02844,14.3,177.53,4.375695330279424,0.0,156.9999999999999,0.0
2023-06-11 07:00:00+00:00,900.0,60.0,463.8963194573918,16.5,0.0,0.0,0.0,0.0,0.0,0.0,0.0,0.0,0.0,-26.87418753507899,155.435,128.560812464921,0.0159,15.34,385.46,-0.42729958180775596,0.0,308.368,0.0
2023-06-11 08:00:00+00:00,900.0,60.0,461.5768378601049,19.863008955223883,0.0,0.0,0.0,0.0,0.0,0.0,0.0,0.0,0.0,-31.6643835779972,159.705,128.0406164220028,0.0,16.07,392.42,0.0,0.0,313.936,0.0
2023-06-11 09:00:00+00:00,900.0,60.0,459.26895367080436,21.675200356426824,0.0,0.0,0.0,0.0,0.0,0.0,0.0,0.0,0.0,74.41523192296935,69.38,143.79523192296935,-0.00792,16.34,181.63,1.2710121612443168,0.0,145.304,0.0
2023-06-11 10:00:00+00:00,900.0,60.0,456.97260890245036,19.500370282248813,0.0,0.0,0.0,0.0,0.0,0.0,0.0,0.0,0.0,96.25295200742333,50.795,147.04795200742333,-0.03995,16.42,138.11,-1.4389816325109783,0.0,110.48800000000001,0.0
2023-06-11 11:00:00+00:00,900.0,60.0,454.6877458579381,18.115445627704784,0.0,0.0,0.0,0.0,0.0,0.0,0.0,0.0,0.0,109.90309244668288,39.195,149.09809244668287,-0.06667,16.48,110.68,-4.579661862253275,0.0,88.544,0.0
2023-06-11 12:00:00+00:00,900.0,60.0,452.41430712864843,17.243267771531638,0.0,0.0,0.0,0.0,0.0,0.0,0.0,0.0,0.0,58.0855636785697,83.235,141.3205636785697,-0.05689,16.75,214.74,-1.852348625709588,0.0,171.79200000000003,0.0
2023-06-11 13:00:00+00:00,900.0,60.0,450.1522355930052,18.578090959526733,0.0,0.0,0.0,0.0,0.0,0.0,0.0,0.0,0.0,11.210598531639178,123.03499999999995,134.24559853163913,-0.02001,17.07,309.4,0.0559408866728795,0.0,247.52,0.0
2023-06-11 14:00:00+00:00,900.0,60.0,447.9014744150401,20.633078716241318,0.0,0.0,0.0,0.0,0.0,0.0,0.0,0.0,0.0,49.19502456054465,90.695,139.89002456054465,-0.0001,17.96,233.88,1.224956111557562,0.0,187.104,0.0
2023-06-11 15:00:00+00:00,900.0,60.0,445.66196704296493,20.87569802844826,0.0,0.0,0.0,0.0,0.0,0.0,0.0,0.0,0.0,31.481133883852706,105.71,137.1911338838527,0.02792,18.42,269.99,1.6659816051334855,0.0,215.992,0.0
2023-06-11 16:00:00+00:00,900.0,60.0,443.4336572077501,21.77198284643592,0.0,0.0,0.0,0.0,0.0,0.0,0.0,0.0,0.0,60.34932239735504,81.18499999999999,141.53432239735503,0.0838199999999999,18.52,211.88,6.567213263280169,0.0,169.50399999999996,0.0
2023-06-11 17:00:00+00:00,900.0,60.0,441.21648892171135,21.336483151655194,0.0,0.0,0.0,0.0,0.0,0.0,0.0,0.0,0.0,86.90378235167208,58.535,145.43878235167207,0.09991,18.55,159.64,10.855151453547359,0.0,127.71199999999999,0.0
2023-06-11 18:00:00+00:00,900.0,60.0,439.0104064771028,20.444275802856417,0.0,0.0,0.0,0.0,0.0,0.0,0.0,0.0,0.0,122.27278048090588,28.285,150.55778048090588,0.1105999999999999,18.52,91.15,16.58018903321083,0.0,72.92,0.0
2023-06-11 19:00:00+00:00,900.0,60.0,436.8153544447173,19.11120738912553,0.0,500.0,0.0,0.0,0.0,0.0,0.0,0.0,0.0,-350.7338076301911,6.074999999999999,155.34119236980885,0.1256,17.84,27.15,-44.052166238352,0.0,21.72,0.0
2023-06-11 20:00:00+00:00,379.16666666666663,60.0,434.6312776724937,17.270510219822956,0.0,0.0,0.0,0.0,14.070772501053787,0.0,0.0,0.0,0.0,171.44117788310822,0.0,157.37040538205443,0.119,16.92,0.0,24.687529615167584,0.0,49.247703753688256,0.0
2023-06-11 21:00:00+00:00,379.16666666666663,60.0,432.4581212841312,16.5,0.0,0.0,0.0,0.0,27.357142857142826,0.0,0.0,0.0,0.0,184.72754823919726,0.0,157.37040538205443,0.0989,16.05,0.0,22.88774322683654,0.0,95.74999999999989,0.0
2023-06-11 22:00:00+00:00,379.16666666666663,60.0,430.29583067771057,16.5,0.0,0.0,0.0,0.0,34.357142857142826,0.0,0.0,0.0,0.0,154.35714285714283,0.0,120.0,0.09433,15.35,0.0,18.419437857142853,0.0,120.24999999999989,0.0
2023-06-11 23:00:00+00:00,379.16666666666663,60.0,428.144351524322,16.5,0.0,0.0,0.0,0.0,38.357142857142826,0.0,0.0,0.0,0.0,158.35714285714283,0.0,120.0,0.08508,14.95,0.0,17.431954285714284,0.0,134.2499999999999,0.0
2023-06-12 00:00:00+00:00,379.16666666666663,60.0,426.0036297667004,16.5,0.0,0.0,0.0,0.0,41.857142857142826,0.0,0.0,0.0,0.0,161.85714285714283,0.0,120.0,0.08502,14.6,0.0,17.807522857142857,0.0,146.4999999999999,0.0
2023-06-12 01:00:00+00:00,379.16666666666663,60.0,423.87361161786686,16.5,0.0,0.0,0.0,0.0,46.05714285714282,0.0,0.0,0.0,0.0,166.05714285714282,0.0,120.0,0.08163,14.18,0.0,17.706673142857138,0.0,161.19999999999987,0.0
2023-06-12 02:00:00+00:00,379.16666666666663,60.0,421.75424355977754,16.5,0.0,0.0,0.0,0.0,49.65714285714283,0.0,0.0,0.0,0.0,169.65714285714284,0.0,120.0,0.08395,13.82,0.0,18.484145714285713,0.0,173.7999999999999,0.0
2023-06-12 03:00:00+00:00,379.16666666666663,60.0,419.64547234197863,16.5,0.0,0.0,0.0,0.0,52.857142857142826,0.0,0.0,0.0,0.0,172.85714285714283,0.0,120.0,0.09508,13.5,0.0,20.75668571428571,0.0,184.9999999999999,0.0
2023-06-12 04:00:00+00:00,379.16666666666663,60.0,417.5472449802687,16.5,0.0,0.0,0.0,0.0,52.415999999999976,0.0,0.0,0.0,0.0,172.41599999999997,0.0,120.0,0.1072,13.42,5.43,22.7933952,0.0,187.7999999999999,0.0
2023-06-12 05:00:00+00:00,379.16666666666663,60.0,415.4595087553674,16.5,0.0,267.99999999999994,0.0,0.0,26.32742857142855,0.0,0.0,0.0,0.0,-150.07257142857134,28.39999999999995,120.0,0.12636,14.19,85.88,-18.963170125714274,0.0,160.8499999999999,0.0
2023-06-12 06:00:00+00:00,100.0,60.0,413.3822112115905,16.5,0.0,0.0,0.0,0.0,0.0,0.0,0.0,0.0,0.0,54.90296756988191,83.165,138.06796756988192,0.12439,15.58,233.26,8.201954325264659,0.0,186.60799999999998,0.0
2023-06-12 07:00:00+00:00,100.0,60.0,411.31530015553255,17.832680597014924,50.75137490819449,0.0,0.0,0.0,0.0,0.0,0.0,0.0,0.0,0.0,177.52499999999998,126.77362509180548,0.10601,17.28,443.55,0.0,0.0,354.84,0.0
2023-06-12 08:00:00+00:00,148.72131991186671,60.0,409.2587236547549,22.40873156605035,132.51637490819454,0.0,0.0,0.0,0.0,0.0,0.0,0.0,1.0,0.0,259.29,126.77362509180548,0.08603,18.9,636.92,0.0,0.0,509.53599999999994,0.0
2023-06-12 09:00:00+00:00,275.93703982373347,60.0,407.2124300364811,20.86469540440149,196.6263749081945,0.0,0.0,0.0,0.0,0.0,0.0,0.0,1.0,0.0,323.4,126.77362509180548,0.06441,20.34,801.99,0.0,0.0,641.592,0.0
2023-06-12 10:00:00+00:00,464.6983597356002,60.0,405.1763678862987,22.577875521531062,251.1063749081945,0.0,0.0,0.0,0.0,0.0,0.0,0.0,1.0,0.0,377.88,126.77362509180548,0.05,21.62,952.85,0.0,0.0,762.2800000000001,0.36489540077614535
2023-06-12 11:00:00+00:00,705.7604796474669,60.0,403.1504860468672,24.364895400776145,202.33283370055528,0.0,0.0,0.0,0.0,0.0,0.0,0.0,1.0,-36.64354120763926,365.75,126.77362509180548,0.04256,22.61,930.03,-1.559549113797127,0.0,744.024,1.3484403420827427
2023-06-12 12:00:00+00:00,900.0,60.0,401.13473361663284,25.348440342082743,0.0,0.0,0.0,0.0,0.0,0.0,0.0,0.0,1.0,-189.44637490819454,316.22,126.77362509180548,0.05037,23.46,802.8,-9.542413904125759,0.0,642.24,1.8114625685735142
2023-06-12 13:00:00+00:00,900.0,60.0,399.1290599485497,25.811462568573514,0.0,0.0,0.0,0.0,0.0,0.0,0.0,0.0,1.0,-37.83637490819453,164.61,126.77362509180548,0.07104,23.62,418.64,-2.6878960734781394,0.0,334.912,0.7948565609587561
2023-06-12 14:00:00+00:00,900.0,60.0,397.13341464880693,24.794856560958756,0.0,0.0,0.0,0.0,0.0,0.0,0.0,0.0,0.0,102.40792132112497,43.13,145.53792132112497,0.0848199999999999,22.45,122.98,11.246437919485933,0.0,98.384,0.0
2023-06-12 15:00:00+00:00,900.0,60.0,395.1477475755629,23.654212149611478,0.0,0.0,0.0,0.0,0.0,0.0,0.0,0.0,0.0,104.25464171210442,41.54,145.7946417121044,0.0975999999999999,22.28,119.19,12.781619073903991,0.0,95.352,0.0
2023-06-12 16:00:00+00:00,900.0,60.0,393.1720088376851,23.067726921496824,0.0,0.0,0.0,0.0,0.0,0.0,0.0,0.0,0.0,127.02223845639136,22.04,149.06223845639136,0.10968,22.8,70.95,17.10735507530679,0.0,56.76,0.0
2023-06-12 17:00:00+00:00,900.0,60.0,391.20614879349665,22.48365929906598,0.0,500.0,0.0,0.0,0.0,0.0,0.0,0.0,1.0,-436.4376638989907,75.87999999999995,139.44233610100926,0.13304,22.94,212.97,-58.06366680512172,0.0,170.376,0.0
2023-06-12 18:00:00+00:00,379.16666666666663,60.0,389.2501180495292,23.25609994292068,0.0,267.99999999999994,0.0,0.0,0.0,0.0,0.0,0.0,0.0,-133.03813565299637,14.33,149.29186434700358,0.14178,22.58,67.56,-18.862146872881823,0.0,54.04800000000001,0.0
2023-06-12 19:00:00+00:00,100.0,60.0,387.30386745928155,22.367464157806225,0.0,0.0,0.0,0.0,0.0,0.0,0.0,0.0,0.0,145.2814836324405,6.625,151.9064836324405,0.11693,19.57,28.96,20.619800971952284,0.0,23.168000000000003,0.0
2023-06-12 20:00:00+00:00,100.0,60.0,385.3673481219851,19.595943342465013,0.0,0.0,0.0,0.0,0.0,0.0,0.0,0.0,0.0,153.86812545902737,0.0,153.86812545902737,0.107,18.71,0.0,20.310592560591612,0.0,0.0,0.0
2023-06-12 21:00:00+00:00,100.0,60.0,383.4405113813752,17.607740053158587,0.0,0.0,0.0,0.0,4.363452064532177,0.0,0.0,0.0,0.0,158.23157752355954,0.0,153.86812545902737,0.0980999999999999,17.69,0.0,19.47830719315016,0.0,15.272082225862619,0.0
2023-06-12 22:00:00+00:00,100.0,60.0,381.5233088244683,16.5,0.0,0.0,0.0,0.0,18.55714285714284,0.0,0.0,0.0,0.0,138.55714285714285,0.0,120.0,0.08911,16.93,0.0,15.81075557142857,0.0,64.94999999999993,0.0
2023-06-12 23:00:00+00:00,100.0,60.0,379.61569228034597,16.5,0.0,0.0,0.0,0.0,28.95714285714283,0.0,0.0,0.0,0.0,148.95714285714283,0.0,120.0,0.08278,15.89,0.0,16.054600857142855,0.0,101.34999999999991,0.0
2023-06-13 00:00:00+00:00,100.0,60.0,377.71761381894424,16.5,0.0,0.0,0.0,0.0,34.05714285714281,0.0,0.0,0.0,0.0,154.05714285714282,0.0,120.0,0.08329,15.38,0.0,16.682847999999996,0.0,119.19999999999982,0.0
2023-06-13 01:00:00+00:00,100.0,60.0,375.8290257498495,16.5,0.0,0.0,0.0,0.0,37.457142857142834,0.0,0.0,0.0,0.0,157.45714285714283,0.0,120.0,0.08275,15.04,0.0,16.96600714285714,0.0,131.0999999999999,0.0
2023-06-13 02:00:00+00:00,100.0,60.0,373.94988062110025,16.5,0.0,0.0,0.0,0.0,39.25714285714282,0.0,0.0,0.0,0.0,159.2571428571428,0.0,120.0,0.08477,14.86,0.0,17.481656571428566,0.0,137.39999999999986,0.0
2023-06-13 03:00:00+00:00,100.0,60.0,372.08013121799473,16.5,0.0,0.0,0.0,0.0,40.157142857142844,0.0,0.0,0.0,0.0,160.15714285714284,0.0,120.0,0.09004,14.77,0.0,18.42447771428571,0.0,140.54999999999995,0.0
2023-06-13 04:00:00+00:00,100.0,60.0,370.2197305619048,16.5,0.0,0.0,0.0,0.0,35.065142857142824,0.0,0.0,0.0,0.0,149.51014285714282,5.555,120.0,0.0955999999999999,14.7,25.34,18.03092322857141,0.0,142.9999999999999,0.0
2023-06-13 05:00:00+00:00,100.0,60.0,368.36863190909526,16.5,0.0,0.0,0.0,0.0,15.766285714285702,0.0,0.0,0.0,0.0,111.73128571428572,24.035,120.0,0.1172,15.37,80.46,15.888188828571428,0.0,119.54999999999995,0.0
2023-06-13 06:00:00+00:00,100.0,60.0,366.5267887495498,16.5,0.0,0.0,0.0,0.0,0.0,0.0,0.0,0.0,0.0,53.191930156357486,82.80999999999999,136.00193015635747,0.12004,16.25,237.96,7.71495754987809,0.0,190.368,0.0
2023-06-13 07:00:00+00:00,100.0,60.0,364.69415480580204,18.320023880597017,52.93832538682736,0.0,0.0,0.0,0.0,0.0,0.0,0.0,0.0,0.0,179.04499999999996,126.1066746131726,0.10312,18.11,454.48,0.0,0.0,363.58400000000006,0.0
2023-06-13 08:00:00+00:00,150.82079237135426,60.0,362.870684031773,23.267483537536204,132.5733253868274,0.0,0.0,0.0,0.0,0.0,0.0,0.0,1.0,0.0,258.68,126.1066746131726,0.08508,19.45,651.02,0.0,0.0,520.816,0.0
2023-06-13 09:00:00+00:00,278.09118474270855,60.0,361.05633061161416,21.48392927830099,199.67832538682742,0.0,0.0,0.0,0.0,0.0,0.0,0.0,1.0,0.0,325.785,126.1066746131726,0.07499,20.7,835.31,0.0,0.0,668.248,0.0
2023-06-13 10:00:00+00:00,469.7823771140629,60.0,359.2510489585561,23.063178605724836,237.6333253868274,0.0,0.0,0.0,0.0,0.0,0.0,0.0,1.0,0.0,363.74,126.1066746131726,0.04,21.73,959.14,0.0,0.0,767.312,0.5251265965573992
2023-06-13 11:00:00+00:00,697.9103694854173,60.0,357.4547937137633,24.5251265965574,210.5100317860237,0.0,0.0,0.0,0.0,0.0,0.0,0.0,1.0,-4.09329360080369,340.71,126.1066746131726,0.03043,22.58,916.33,-0.1245589242724563,0.0,733.0640000000001,1.2910910909248656
2023-06-13 12:00:00+00:00,900.0,60.0,355.6675197451945,25.291091090924866,0.0,0.0,0.0,0.0,0.0,0.0,0.0,0.0,1.0,-83.4283253868274,209.535,126.1066746131726,0.03155,23.09,552.48,-2.6321636659544043,0.0,441.984,0.6841631181534886
2023-06-13 13:00:00+00:00,900.0,60.0,353.88918214646856,24.68416311815349,0.0,0.0,0.0,0.0,0.0,0.0,0.0,0.0,1.0,-85.05832538682739,211.165,126.1066746131726,0.0600399999999999,23.45,549.71,-5.106901856225108,0.0,439.7680000000001,0.9567611659734112
2023-06-13 14:00:00+00:00,900.0,60.0,352.1197362357362,24.95676116597341,0.0,0.0,0.0,0.0,0.0,0.0,0.0,0.0,1.0,-182.9433253868274,309.05,126.1066746131726,0.0730799999999999,23.77,809.76,-13.369498219269328,0.0,647.808,2.0860867399001144
2023-06-13 15:00:00+00:00,900.0,60.0,350.3591375545575,26.086086739900114,0.0,0.0,0.0,0.0,0.0,0.0,0.0,0.0,1.0,-127.37832538682741,253.485,126.1066746131726,0.0846,23.82,651.86,-10.776206327725598,0.0,521.488,1.730220744291536
2023-06-13 16:00:00+00:00,900.0,60.0,348.6073418667847,25.730220744291536,0.0,0.0,0.0,0.0,0.0,0.0,0.0,0.0,1.0,-51.6733253868274,177.78,126.1066746131726,0.10117,23.65,460.65,-5.227790329385328,0.0,368.5199999999999,0.9471645557240649
2023-06-13 17:00:00+00:00,900.0,60.0,346.86430515745076,24.947164555724065,0.0,0.0,0.0,0.0,0.0,0.0,0.0,0.0,1.0,48.64295292147045,86.41,135.05295292147045,0.11195,23.05,253.5,6.6616524025953785,0.0,202.8,0.0
2023-06-13 18:00:00+00:00,900.0,60.0,345.1299836316635,23.684492227664826,0.0,500.0,0.0,0.0,0.0,0.0,0.0,0.0,0.0,-372.53842496791896,18.435,145.89657503208105,0.12018,22.41,75.93,-44.771667912644496,0.0,60.74400000000001,0.0
2023-06-13 19:00:00+00:00,379.16666666666663,60.0,343.4043337135052,22.540673219277924,0.0,0.0,0.0,0.0,0.0,0.0,0.0,0.0,0.0,149.5806790848894,0.455,150.0356790848894,0.11481,20.74,8.15,20.912874742858385,0.0,6.52,0.0
2023-06-13 20:00:00+00:00,379.16666666666663,60.0,341.68731204493764,20.09583329077535,0.0,0.0,0.0,0.0,0.0,0.0,0.0,0.0,0.0,150.53337306586295,0.0,150.53337306586295,0.105,19.64,0.0,19.569338498562182,0.0,0.0,0.0
2023-06-13 21:00:00+00:00,379.16666666666663,60.0,339.97887548471294,18.377251227901247,0.0,0.0,0.0,0.0,0.0,0.0,0.0,0.0,0.0,150.53337306586295,0.0,150.53337306586295,0.09838,18.89,0.0,18.57280756886617,0.0,0.0,0.0
2023-06-13 22:00:00+00:00,379.16666666666663,60.0,338.2789811072894,17.265840010410916,0.0,0.0,0.0,0.0,0.0,0.0,0.0,0.0,0.0,120.0,0.0,120.0,0.09628,18.43,0.0,14.553600000000001,0.0,0.0,0.0
2023-06-13 23:00:00+00:00,379.16666666666663,60.0,336.5875862017529,16.562776123287655,0.0,0.0,0.0,0.0,11.383475456621065,0.0,0.0,0.0,0.0,131.38347545662106,0.0,120.0,0.08868,17.61,0.0,14.935673489908682,0.0,39.842164098173726,0.0
2023-06-14 00:00:00+00:00,379.16666666666663,60.0,334.90464827074413,16.5,0.0,0.0,0.0,0.0,19.05714285714284,0.0,0.0,0.0,0.0,139.05714285714285,0.0,120.0,0.08698,16.88,0.0,15.571618857142855,0.0,66.69999999999993,0.0
2023-06-14 01:00:00+00:00,379.16666666666663,60.0,333.2301250293904,16.5,0.0,0.0,0.0,0.0,19.95714285714283,0.0,0.0,0.0,0.0,139.95714285714283,0.0,120.0,0.08625,16.79,0.0,15.570232142857138,0.0,69.84999999999991,0.0
2023-06-14 02:00:00+00:00,379.16666666666663,60.0,331.5639744042435,16.5,0.0,0.0,0.0,0.0,18.95714285714283,0.0,0.0,0.0,0.0,138.95714285714283,0.0,120.0,0.0880799999999999,16.89,0.0,15.713273714285696,0.0,66.34999999999991,0.0
2023-06-14 03:00:00+00:00,379.16666666666663,60.0,329.9061545322223,16.5,0.0,0.0,0.0,0.0,33.75714285714282,0.0,0.0,0.0,0.0,153.7571428571428,0.0,120.0,0.09766,15.41,0.0,18.85985114285714,0.0,118.14999999999986,0.0
2023-06-14 04:00:00+00:00,379.16666666666663,60.0,328.25662375956114,16.5,0.0,0.0,0.0,0.0,34.62971428571426,0.0,0.0,0.0,0.0,154.62971428571427,0.0,120.0,0.10478,15.24,3.62,20.06784432,0.0,124.0999999999999,0.0
2023-06-14 05:00:00+00:00,379.16666666666663,60.0,326.61534064076335,16.5,0.0,267.99999999999994,0.0,0.0,17.157142857142844,0.0,0.0,0.0,0.0,-139.73285714285709,8.89,120.0,0.13508,16.27,35.0,-18.875114342857135,0.0,88.04999999999995,0.0
2023-06-14 06:00:00+00:00,100.0,60.0,324.98226393755954,16.5,0.0,0.0,0.0,0.0,0.0,0.0,0.0,0.0,0.0,81.92836713940366,56.915,138.84336713940365,0.128,17.61,155.73,12.53504017232876,0.0,124.58399999999999,0.0
2023-06-14 07:00:00+00:00,100.0,60.0,323.35735261787175,17.994340298507463,0.0,0.0,0.0,0.0,0.0,0.0,0.0,0.0,0.0,59.96002932576033,76.44,136.40002932576033,0.10332,18.17,200.37,7.694070963081566,0.0,160.29600000000002,0.0
2023-06-14 08:00:00+00:00,100.0,60.0,321.7405658547824,19.542592648696818,76.57157299811088,0.0,0.0,0.0,0.0,0.0,0.0,0.0,1.0,0.0,202.04499999999996,125.47342700188908,0.08766,18.96,501.38,0.0,0.0,401.104,0.0
2023-06-14 09:00:00+00:00,173.50871007818643,60.0,320.1318630255085,20.262572039796158,104.38657299811094,0.0,0.0,0.0,0.0,0.0,0.0,0.0,1.0,0.0,229.86,125.47342700188908,0.07779,19.86,571.18,0.0,0.0,456.94399999999996,0.0
2023-06-14 10:00:00+00:00,273.7198201563729,60.0,318.53120371038096,21.366179482068087,198.2265729981109,0.0,0.0,0.0,0.0,0.0,0.0,0.0,1.0,0.0,323.7,125.47342700188908,0.0728,20.35,809.82,0.0,0.0,647.856,0.0
2023-06-14 11:00:00+00:00,464.0173302345594,60.0,316.93854769182906,22.652383345445283,148.3615729981109,0.0,0.0,0.0,0.0,0.0,0.0,0.0,1.0,0.0,273.835,125.47342700188908,0.0747999999999999,20.29,681.56,0.0,0.0,545.248,0.0
2023-06-14 12:00:00+00:00,606.4444403127459,60.0,315.35385495336993,22.30093545158349,15.861492973184312,0.0,0.0,0.0,0.0,0.0,0.0,0.0,1.0,0.0,143.43999999999997,127.57850702681566,0.0772399999999999,20.28,361.54,0.0,0.0,289.232,0.0
2023-06-14 13:00:00+00:00,621.6714735670029,60.0,313.7770856786031,21.26241624198563,84.41657299811091,0.0,0.0,0.0,0.0,0.0,0.0,0.0,1.0,0.0,209.89,125.47342700188908,0.07651,19.82,521.99,0.0,0.0,417.592,0.0
2023-06-14 14:00:00+00:00,702.7113836451894,60.0,312.2082002502101,21.257038456187754,66.32157299811091,0.0,0.0,0.0,0.0,0.0,0.0,0.0,1.0,0.0,191.795,125.47342700188908,0.08174,19.75,477.14,0.0,0.0,381.712,0.0
2023-06-14 15:00:00+00:00,766.3800937233758,60.0,310.64715924895904,21.05205329447783,0.0,0.0,0.0,0.0,0.0,0.0,0.0,0.0,0.0,91.15768296128994,48.805,139.96268296128994,0.0963,19.8,135.28,11.057426943204469,0.0,108.224,0.0
2023-06-14 16:00:00+00:00,766.3800937233758,60.0,309.09392345271425,20.77268854271561,0.0,0.0,0.0,0.0,0.0,0.0,0.0,0.0,0.0,83.53310324208641,55.54999999999995,139.08310324208637,0.11461,19.53,151.35,11.662056543627685,0.0,121.08,0.0
2023-06-14 17:00:00+00:00,766.3800937233758,60.0,307.5484538354507,20.72945094877448,0.0,500.0,0.0,0.0,0.0,0.0,0.0,0.0,0.0,-383.81049785659127,26.724999999999998,142.91450214340873,0.13,18.7,81.35,-49.89536472135687,0.0,65.08,0.0
2023-06-14 18:00:00+00:00,245.54676039004244,60.0,306.0107115662734,19.190033936109884,0.0,139.72488997444074,0.0,0.0,0.0,0.0,0.0,0.0,0.0,-26.684933952095804,29.4,142.43995602234494,0.1432,17.87,90.02,-3.821282541940119,0.0,72.016,0.0
2023-06-14 19:00:00+00:00,100.0,60.0,304.48065800844205,18.219552961235035,0.0,0.0,0.0,0.0,1.5885657069342949,0.0,0.0,0.0,0.0,139.91652722789857,7.355,145.68296152096426,0.13803,16.9,30.77,22.810591433964305,0.0,30.175979974270035,0.0
2023-06-14 20:00:00+00:00,100.0,60.0,302.9582547183998,16.5,0.0,0.0,0.0,0.0,24.95714285714283,0.0,0.0,0.0,0.0,172.32427786658835,0.0,147.36713500944552,0.11911,16.29,0.0,24.833651683354045,0.0,87.34999999999991,0.0
2023-06-14 21:00:00+00:00,100.0,60.0,301.44346344480783,16.5,0.0,0.0,0.0,0.0,32.957142857142834,0.0,0.0,0.0,0.0,180.32427786658835,0.0,147.36713500944552,0.1084099999999999,15.49,0.0,24.05706191018153,0.0,115.34999999999992,0.0
2023-06-14 22:00:00+00:00,100.0,60.0,299.9362461275838,16.5,0.0,0.0,0.0,0.0,37.957142857142834,0.0,0.0,0.0,0.0,157.95714285714283,0.0,120.0,0.10712,14.99,0.0,20.86929771428571,0.0,132.8499999999999,0.0
2023-06-14 23:00:00+00:00,100.0,60.0,298.43656489694587,16.5,0.0,0.0,0.0,0.0,48.75714285714282,0.0,0.0,0.0,0.0,168.7571428571428,0.0,120.0,0.10277,13.91,0.0,21.562100142857137,0.0,170.64999999999986,0.0
2023-06-15 00:00:00+00:00,100.0,60.0,296.9443820724611,16.5,0.0,0.0,0.0,0.0,0.0,0.0,0.0,0.0,0.0,0.0,,,,,,0.0,0.0,,0.0
