operating_step,timestamp_utc,start_soc_battery_kwh,start_soc_hydrogen_kg,start_soc_thermal_kwh,start_indoor_temperature_c,battery_charge_kw,battery_discharge_kw,electrolyser_kw,fuel_cell_kw,heat_pump_kw,electric_boiler_kw,thermal_charge_kw,thermal_discharge_kw,ventilation_fraction,pv_kw,electric_load_kw,price_eur_per_kwh,outdoor_temperature_c,irradiance_w_per_m2,reached_soc_battery_kwh,reached_soc_hydrogen_kg,reached_soc_thermal_kwh,reached_indoor_temperature_c,grid_kw,generated_heat_kw,heat_to_air_kw,thermal_charge_margin_kw,hydrogen_production_kg_per_h,hydrogen_consumption_kg_per_h
0,2023-01-01T23:00:00Z,500.0,60.0,1600.0,19.0,0.0,0.0,0.0,0.0,149.7761904761904,0.0,0.0,0.0,0.0,0.0,120.0,0.1099,2.32,0.0,500.0,60.0,1592.0,16.499999999999996,269.77619047619044,524.2166666666665,524.2166666666665,-524.2166666666665,0.0,0.0
1,2023-01-02T00:00:00Z,500.0,60.0,1592.0,16.499999999999996,0.0,0.0,0.0,0.0,164.75714285714284,0.0,0.0,0.0,0.0,0.0,120.0,0.0949,2.31,0.0,500.0,60.0,1584.04,16.5,284.75714285714287,576.65,576.65,-576.65,0.0,0.0
2,2023-01-02T01:00:00Z,500.0,60.0,1584.04,16.5,0.0,0.0,0.0,0.0,164.2571428571428,0.0,0.0,0.0,0.0,0.0,120.0,0.05293,2.36,0.0,500.0,60.0,1576.1198,16.5,284.2571428571428,574.8999999999999,574.8999999999999,-574.8999999999999,0.0,0.0
3,2023-01-02T02:00:00Z,500.0,60.0,1576.1198,16.5,0.0,0.0,0.0,0.0,163.35714285714283,0.0,0.0,0.0,0.0,0.0,120.0,0.04416,2.45,0.0,500.0,60.0,1568.2392009999999,16.5,283.35714285714283,571.7499999999999,571.7499999999999,-571.7499999999999,0.0,0.0
4,2023-01-02T03:00:00Z,500.0,60.0,1568.2392009999999,16.5,0.0,0.0,0.0,0.0,162.65714285714284,0.0,0.0,0.0,0.0,0.0,120.0,0.05008,2.52,0.0,500.0,60.0,1560.3980049949998,16.5,282.65714285714284,569.3,569.3,-569.3,0.0,0.0
5,2023-01-02T04:00:00Z,500.0,60.0,1560.3980049949998,16.5,0.0,0.0,0.0,0.0,161.35714285714283,0.0,0.0,0.0,0.0,0.0,120.0,0.07709,2.65,0.0,500.0,60.0,1552.5960149700247,16.5,281.35714285714283,564.7499999999999,564.7499999999999,-564.7499999999999,0.0,0.0
6,2023-01-02T05:00:00Z,500.0,60.0,1552.5960149700247,16.5,0.0,0.0,0.0,0.0,158.85714285714283,0.0,0.0,0.0,0.0,0.0,1319.9112251734641,0.1050799999999999,2.9,0.0,500.0,60.0,1544.8330348951747,16.5,1478.768368030607,555.9999999999999,555.9999999999999,-555.9999999999999,0.0,0.0
7,2023-01-02T06:00:00Z,500.0,60.0,1544.8330348951747,16.5,0.0,384.0,0.0,0.0,156.15714285714284,0.0,0.0,0.0,0.0,0.0,1319.9112251734641,0.14064,3.17,0.0,100.0,60.0,1537.1088697206987,16.5,1092.068368030607,546.55,546.55,-546.55,0.0,0.0
8,2023-01-02T07:00:00Z,100.0,60.0,1537.1088697206987,16.5,0.0,0.0,0.0,0.0,162.2571428571428,0.0,0.0,0.0,0.0,0.0,1319.9112251734641,0.16244,2.56,0.0,100.0,60.0,1529.4233253720952,16.5,1482.1683680306069,567.8999999999999,567.8999999999999,-567.8999999999999,0.0,0.0
9,2023-01-02T08:00:00Z,100.0,60.0,1529.4233253720952,16.5,0.0,0.0,0.0,0.0,159.45714285714283,0.0,0.0,0.0,0.0,0.0,1319.9112251734641,0.18,2.84,0.0,100.0,60.0,1521.7762087452347,16.5,1479.368368030607,558.0999999999999,558.0999999999999,-558.0999999999999,0.0,0.0
10,2023-01-02T09:00:00Z,100.0,60.0,1521.7762087452347,16.5,0.0,0.0,0.0,0.0,146.2331428571428,0.0,0.0,0.0,0.0,11.299999999999999,1225.1662348337675,0.14561,3.26,39.48,100.0,60.0,1514.1673277015086,16.499999999999996,1360.0993776909104,511.8159999999998,543.3999999999997,-511.8159999999998,0.0,0.0
11,2023-01-02T10:00:00Z,100.0,60.0,1514.1673277015086,16.499999999999996,0.0,0.0,0.0,0.0,136.1005714285714,0.0,0.0,0.0,0.0,17.885,1185.977134219602,0.14335,3.9,55.81,100.0,60.0,1506.5964910630012,16.5,1304.1927056481734,476.352,521.0,-476.352,0.0,0.0
12,2023-01-02T11:00:00Z,100.0,60.0,1506.5964910630012,16.5,0.0,0.0,0.0,0.0,128.3685714285714,0.0,0.0,0.0,0.0,18.605,1181.4414697884465,0.14438,4.63,57.7,100.0,60.0,1499.0635086076861,16.5,1291.2050412170179,449.28999999999996,495.45,-449.28999999999996,0.0,0.0
13,2023-01-02T12:00:00Z,100.0,60.0,1499.0635086076861,16.5,0.0,0.0,0.0,0.0,124.38171428571427,0.0,0.0,0.0,0.0,15.83,1197.328294409743,0.14376,5.18,51.08,100.0,60.0,1491.5681910646476,16.5,1305.8800086954573,435.33599999999996,476.19999999999993,-435.33599999999996,0.0,0.0
14,2023-01-02T13:00:00Z,100.0,60.0,1491.5681910646476,16.5,0.0,0.0,0.0,0.0,115.08742857142853,0.0,0.0,0.0,0.0,20.465,1170.0903095983056,0.1482,5.85,62.43,100.0,60.0,1484.1103501093244,16.5,1264.7127381697342,402.80599999999987,452.7499999999999,-402.80599999999987,0.0,0.0
15,2023-01-02T14:00:00Z,100.0,60.0,1484.1103501093244,16.5,0.0,0.0,0.0,0.0,116.72514285714283,0.0,0.0,0.0,0.0,10.11999999999995,1231.381774980166,0.15534,6.27,36.89,100.0,60.0,1476.6897983587778,16.5,1337.986917837309,408.5379999999999,438.0499999999999,-408.5379999999999,0.0,0.0
16,2023-01-02T15:00:00Z,100.0,60.0,1476.6897983587778,16.5,0.0,0.0,0.0,0.0,122.01199999999997,0.0,0.0,0.0,0.0,0.615,1299.488736121012,0.164,6.39,8.51,100.0,60.0,1469.306349366984,16.5,1420.8857361210119,427.0419999999999,433.8499999999999,-427.0419999999999,0.0,0.0
17,2023-01-02T16:00:00Z,100.0,60.0,1469.306349366984,16.5,0.0,0.0,0.0,0.0,124.05714285714284,0.0,0.0,0.0,0.0,0.0,1319.9112251734641,0.18568,6.38,0.0,100.0,60.0,1461.9598176201491,16.5,1443.968368030607,434.19999999999993,434.19999999999993,-434.19999999999993,0.0,0.0
18,2023-01-02T17:00:00Z,100.0,60.0,1461.9598176201491,16.5,0.0,0.0,0.0,0.0,123.35714285714282,0.0,0.0,0.0,0.0,0.0,1319.9112251734641,0.17474,6.45,0.0,100.0,60.0,1454.6500185320483,16.5,1443.268368030607,431.7499999999999,431.7499999999999,-431.7499999999999,0.0,0.0
19,2023-01-02T18:00:00Z,100.0,60.0,1454.6500185320483,16.5,0.0,0.0,0.0,0.0,121.15714285714283,0.0,0.0,0.0,0.0,0.0,1319.9112251734641,0.1699,6.67,0.0,100.0,60.0,1447.3767684393881,16.5,1441.068368030607,424.0499999999999,424.0499999999999,-424.0499999999999,0.0,0.0
20,2023-01-02T19:00:00Z,100.0,60.0,1447.3767684393881,16.5,0.0,0.0,0.0,0.0,120.05714285714282,0.0,0.0,0.0,0.0,0.0,1319.9112251734641,0.153,6.78,0.0,100.0,60.0,1440.1398845971912,16.499999999999996,1439.968368030607,420.1999999999999,420.1999999999999,-420.1999999999999,0.0,0.0
21,2023-01-02T20:00:00Z,100.0,60.0,1440.1398845971912,16.499999999999996,0.0,0.0,0.0,0.0,117.35714285714286,0.0,0.0,0.0,0.0,0.0,1319.9112251734641,0.14167,7.05,0.0,100.0,60.0,1432.9391851742052,16.5,1437.268368030607,410.75,410.75,-410.75,0.0,0.0
22,2023-01-02T21:00:00Z,100.0,60.0,1432.9391851742052,16.5,0.0,0.0,0.0,0.0,113.75714285714282,0.0,0.0,0.0,0.0,0.0,120.0,0.13491,7.41,0.0,100.0,60.0,1425.7744892483342,16.5,233.7571428571428,398.14999999999986,398.14999999999986,-398.14999999999986,0.0,0.0
23,2023-01-02T22:00:00Z,100.0,60.0,1425.7744892483342,16.5,0.0,0.0,0.0,0.0,110.15714285714283,0.0,0.0,0.0,0.0,0.0,120.0,0.12422,7.77,0.0,100.0,60.0,1418.6456168020925,16.5,230.15714285714284,385.5499999999999,385.5499999999999,-385.5499999999999,0.0,0.0
24,2023-01-02T23:00:00Z,100.0,60.0,1418.6456168020925,16.5,0.0,0.0,0.0,0.0,106.85714285714282,0.0,0.0,0.0,0.0,0.0,120.0,0.13001,8.1,0.0,100.0,60.0,1411.552388718082,16.5,226.85714285714283,373.9999999999999,373.9999999999999,-373.9999999999999,0.0,0.0
25,2023-01-03T00:00:00Z,100.0,60.0,1411.552388718082,16.5,0.0,0.0,0.0,0.0,104.45714285714283,0.0,0.0,0.0,0.0,0.0,120.0,0.12,8.34,0.0,100.0,60.0,1404.4946267744917,16.5,224.45714285714283,365.5999999999999,365.5999999999999,-365.5999999999999,0.0,0.0
26,2023-01-03T01:00:00Z,100.0,60.0,1404.4946267744917,16.5,0.0,0.0,0.0,0.0,102.45714285714283,0.0,0.0,0.0,0.0,0.0,120.0,0.11876,8.54,0.0,100.0,60.0,1397.4721536406194,16.5,222.45714285714283,358.5999999999999,358.5999999999999,-358.5999999999999,0.0,0.0
27,2023-01-03T02:00:00Z,100.0,60.0,1397.4721536406194,16.5,0.0,0.0,0.0,0.0,101.65714285714283,0.0,0.0,0.0,0.0,0.0,120.0,0.115,8.62,0.0,100.0,60.0,1390.4847928724162,16.5,221.65714285714284,355.7999999999999,355.7999999999999,-355.7999999999999,0.0,0.0
28,2023-01-03T03:00:00Z,100.0,60.0,1390.4847928724162,16.5,0.0,0.0,0.0,0.0,102.65714285714283,0.0,0.0,0.0,0.0,0.0,120.0,0.11363,8.52,0.0,100.0,60.0,1383.532368908054,16.5,222.65714285714284,359.2999999999999,359.2999999999999,-359.2999999999999,0.0,0.0
29,2023-01-03T04:00:00Z,100.0,60.0,1383.532368908054,16.5,0.0,0.0,0.0,0.0,104.15714285714283,0.0,0.0,0.0,0.0,0.0,120.0,0.11627,8.37,0.0,100.0,60.0,1376.6147070635136,16.5,224.15714285714284,364.5499999999999,364.5499999999999,-364.5499999999999,0.0,0.0
30,2023-01-03T05:00:00Z,100.0,60.0,1376.6147070635136,16.5,0.0,0.0,0.0,0.0,104.25714285714284,0.0,0.0,0.0,0.0,0.0,1319.644926963756,0.13892,8.36,0.0,100.0,60.0,1369.731633528196,16.499999999999996,1423.9020698208988,364.8999999999999,364.8999999999999,-364.8999999999999,0.0,0.0
31,2023-01-03T06:00:00Z,100.0,60.0,1369.731633528196,16.499999999999996,0.0,0.0,0.0,0.0,103.15714285714284,0.0,0.0,0.0,0.0,0.0,1319.644926963756,0.1599199999999999,8.47,0.0,100.0,60.0,1362.882975360555,16.5,1422.8020698208989,361.04999999999995,361.04999999999995,-361.04999999999995,0.0,0.0
32,2023-01-03T07:00:00Z,100.0,60.0,1362.882975360555,16.5,0.0,0.0,0.0,0.0,94.55714285714282,0.0,0.0,0.0,0.0,0.0,1319.644926963756,0.16917,9.33,0.0,100.0,60.0,1356.0685604837522,16.499999999999996,1414.202069820899,330.9499999999999,330.9499999999999,-330.9499999999999,0.0,0.0
33,2023-01-03T08:00:00Z,100.0,60.0,1356.0685604837522,16.499999999999996,0.0,0.0,0.0,0.0,92.75714285714287,0.0,0.0,0.0,0.0,0.0,1319.644926963756,0.17118,9.51,0.0,100.0,60.0,1349.2882176813334,16.499999999999996,1412.4020698208988,324.65000000000003,324.65000000000003,-324.65000000000003,0.0,0.0
34,2023-01-03T09:00:00Z,100.0,60.0,1349.2882176813334,16.499999999999996,0.0,0.0,0.0,0.0,83.52114285714285,0.0,0.0,0.0,0.0,7.83,1244.739097724139,0.16857,9.72,31.22,100.0,60.0,1342.5417765929267,16.5,1320.4302405812819,292.32399999999996,317.29999999999995,-292.32399999999996,0.0,0.0
35,2023-01-03T10:00:00Z,100.0,60.0,1342.5417765929267,16.5,0.0,0.0,0.0,0.0,80.82114285714282,0.0,0.0,0.0,0.0,7.82,1244.739097724139,0.16949,9.99,31.22,100.0,60.0,1335.8290677099621,16.5,1317.7402405812818,282.87399999999985,307.84999999999985,-282.87399999999985,0.0,0.0
36,2023-01-03T11:00:00Z,100.0,60.0,1335.8290677099621,16.5,0.0,0.0,0.0,0.0,47.593714285714256,0.0,0.0,0.0,0.0,68.9,904.3518461474429,0.1645,10.07,173.09,100.0,60.0,1329.1499223714122,16.5,883.0455604331571,166.5779999999999,305.0499999999999,-166.5779999999999,0.0,0.0
37,2023-01-03T12:00:00Z,100.0,60.0,1329.1499223714122,16.5,0.0,0.0,0.0,0.0,87.15142857142855,0.0,0.0,0.0,0.0,5.14499999999995,1262.9017219183704,0.16091,9.53,23.65,100.0,60.0,1322.504172759555,16.5,1344.908150489799,305.0299999999999,323.94999999999993,-305.0299999999999,0.0,0.0
38,2023-01-03T13:00:00Z,100.0,60.0,1322.504172759555,16.5,0.0,0.0,0.0,0.0,83.86457142857138,0.0,0.0,0.0,0.0,15.905,1194.8098758639076,0.16306,9.21,52.03,100.0,60.0,1315.8916518957574,16.5,1262.769447292479,293.52599999999984,335.14999999999986,-293.52599999999984,0.0,0.0
39,2023-01-03T14:00:00Z,100.0,60.0,1315.8916518957574,16.5,0.0,0.0,0.0,0.0,83.06285714285711,0.0,0.0,0.0,0.0,25.275,1141.2577263242454,0.16679,8.78,74.35,100.0,60.0,1309.3121936362786,16.5,1199.0455834671025,290.7199999999999,350.19999999999993,-290.7199999999999,0.0,0.0
40,2023-01-03T15:00:00Z,100.0,60.0,1309.3121936362786,16.5,0.0,0.0,0.0,0.0,80.28914285714282,0.0,0.0,0.0,0.0,39.934999999999995,1051.2603639034244,0.16657,8.2,111.86,100.0,60.0,1302.7656326680972,16.5,1091.6145067605673,281.0119999999999,370.4999999999999,-281.0119999999999,0.0,0.0
41,2023-01-03T16:00:00Z,100.0,60.0,1302.7656326680972,16.5,0.0,0.0,0.0,0.0,110.05714285714282,0.0,0.0,0.0,0.0,0.0,1319.644926963756,0.17082,7.78,0.0,100.0,60.0,1296.2518045047566,16.499999999999996,1429.702069820899,385.1999999999999,385.1999999999999,-385.1999999999999,0.0,0.0
42,2023-01-03T17:00:00Z,100.0,60.0,1296.2518045047566,16.499999999999996,0.0,0.0,0.0,0.0,112.45714285714287,0.0,0.0,0.0,0.0,0.0,1319.644926963756,0.16895,7.54,0.0,100.0,60.0,1289.7705454822328,16.5,1432.1020698208988,393.6,393.6,-393.6,0.0,0.0
43,2023-01-03T18:00:00Z,100.0,60.0,1289.7705454822328,16.5,0.0,0.0,0.0,0.0,115.05714285714282,0.0,0.0,0.0,0.0,0.0,1319.644926963756,0.16099,7.28,0.0,100.0,60.0,1283.3216927548217,16.499999999999996,1434.702069820899,402.6999999999999,402.6999999999999,-402.6999999999999,0.0,0.0
44,2023-01-03T19:00:00Z,100.0,60.0,1283.3216927548217,16.499999999999996,0.0,0.0,0.0,0.0,118.25714285714285,0.0,0.0,0.0,0.0,0.0,1319.644926963756,0.14962,6.96,0.0,100.0,60.0,1276.9050842910476,16.5,1437.9020698208988,413.9,413.9,-413.9,0.0,0.0
45,2023-01-03T20:00:00Z,100.0,60.0,1276.9050842910476,16.5,0.0,0.0,0.0,0.0,123.95714285714283,0.0,0.0,0.0,0.0,0.0,1319.644926963756,0.13063,6.39,0.0,100.0,60.0,1270.5205588695924,16.5,1443.6020698208988,433.8499999999999,433.8499999999999,-433.8499999999999,0.0,0.0
46,2023-01-03T21:00:00Z,100.0,60.0,1270.5205588695924,16.5,0.0,0.0,0.0,0.0,127.65714285714283,0.0,0.0,0.0,0.0,0.0,120.0,0.11442,6.02,0.0,100.0,60.0,1264.1679560752443,16.5,247.65714285714284,446.7999999999999,446.7999999999999,-446.7999999999999,0.0,0.0
47,2023-01-03T22:00:00Z,100.0,60.0,1264.1679560752443,16.5,0.0,0.0,0.0,0.0,131.95714285714283,0.0,0.0,0.0,0.0,0.0,120.0,0.09248,5.59,0.0,100.0,60.0,1257.847116294868,16.5,251.95714285714283,461.8499999999999,461.8499999999999,-461.8499999999999,0.0,0.0
48,2023-01-03T23:00:00Z,100.0,60.0,1257.847116294868,16.5,0.0,0.0,0.0,0.0,130.7571428571428,0.0,0.0,0.0,0.0,0.0,120.0,0.0800699999999999,5.71,0.0,100.0,60.0,1251.5578807133938,16.5,250.7571428571428,457.64999999999986,457.64999999999986,-457.64999999999986,0.0,0.0
49,2023-01-04T00:00:00Z,100.0,60.0,1251.5578807133938,16.5,0.0,0.0,0.0,0.0,131.45714285714283,0.0,0.0,0.0,0.0,0.0,120.0,0.06844,5.64,0.0,100.0,60.0,1245.300091309827,16.5,251.45714285714283,460.0999999999999,460.0999999999999,-460.0999999999999,0.0,0.0
50,2023-01-04T01:00:00Z,100.0,60.0,1245.300091309827,16.5,0.0,0.0,0.0,0.0,130.95714285714283,0.0,0.0,0.0,0.0,0.0,120.0,0.03792,5.69,0.0,100.0,60.0,1239.073590853278,16.5,250.95714285714283,458.3499999999999,458.3499999999999,-458.3499999999999,0.0,0.0
51,2023-01-04T02:00:00Z,100.0,60.0,1239.073590853278,16.5,0.0,0.0,0.0,0.0,129.85714285714283,0.0,0.0,0.0,0.0,0.0,120.0,0.0,5.8,0.0,100.0,60.0,1232.8782228990115,16.5,249.85714285714283,454.4999999999999,454.4999999999999,-454.4999999999999,0.0,0.0
52,2023-01-04T03:00:00Z,100.0,60.0,1232.8782228990115,16.5,0.0,0.0,0.0,0.0,128.45714285714283,0.0,0.0,0.0,0.0,0.0,120.0,0.0,5.94,0.0,100.0,60.0,1226.7138317845163,16.5,248.45714285714283,449.5999999999999,449.5999999999999,-449.5999999999999,0.0,0.0
53,2023-01-04T04:00:00Z,100.0,60.0,1226.7138317845163,16.5,0.0,0.0,0.0,0.0,127.85714285714282,0.0,0.0,0.0,0.0,0.0,120.0,0.00633,6.0,0.0,100.0,60.0,1220.5802626255936,16.5,247.85714285714283,447.4999999999999,447.4999999999999,-447.4999999999999,0.0,0.0
54,2023-01-04T05:00:00Z,100.0,60.0,1220.5802626255936,16.5,0.0,0.0,0.0,0.0,128.55714285714285,0.0,0.0,0.0,0.0,0.0,1319.2011841728,0.0549,5.93,0.0,100.0,60.0,1214.4773613124655,16.5,1447.7583270299428,449.95,449.95,-449.95,0.0,0.0
55,2023-01-04T06:00:00Z,100.0,60.0,1214.4773613124655,16.5,0.0,0.0,0.0,0.0,127.85714285714282,0.0,0.0,0.0,0.0,0.0,1319.2011841728,0.08532,6.0,0.0,100.0,60.0,1208.4049745059033,16.5,1447.0583270299428,447.4999999999999,447.4999999999999,-447.4999999999999,0.0,0.0
56,2023-01-04T07:00:00Z,100.0,60.0,1208.4049745059033,16.5,0.0,0.0,0.0,0.0,125.45714285714283,0.0,0.0,0.0,0.0,0.0,1319.2011841728,0.15,6.24,0.0,100.0,60.0,1202.3629496333738,16.5,1444.6583270299427,439.0999999999999,439.0999999999999,-439.0999999999999,0.0,0.0
57,2023-01-04T08:00:00Z,100.0,60.0,1202.3629496333738,16.5,0.0,0.0,0.0,0.0,120.95714285714283,0.0,0.0,0.0,0.0,0.0,1319.2011841728,0.146,6.69,0.0,100.0,60.0,1196.3511348852069,16.5,1440.1583270299427,423.3499999999999,423.3499999999999,-423.3499999999999,0.0,0.0
58,2023-01-04T09:00:00Z,100.0,60.0,1196.3511348852069,16.5,0.0,0.0,0.0,0.0,72.90971428571426,0.0,0.0,0.0,0.0,81.10499999999999,841.2715442325721,0.13119,6.94,199.27,100.0,60.0,1190.3693792107808,16.5,833.0762585182863,255.1839999999999,414.5999999999999,-255.1839999999999,0.0,0.0
59,2023-01-04T10:00:00Z,100.0,60.0,1190.3693792107808,16.5,0.0,0.0,0.0,0.0,30.445714285714253,0.0,0.0,0.0,0.0,160.045,429.273985398165,0.13053,7.26,371.05,100.0,60.0,1184.417532314727,16.5,299.6746996838792,106.55999999999989,403.39999999999986,-106.55999999999989,0.0,0.0
60,2023-01-04T11:00:00Z,100.0,60.0,1184.417532314727,16.5,0.0,0.0,0.0,0.0,0.0,0.0,0.0,0.0,0.0,247.28,359.84023683456,0.12787,7.6,566.01,100.0,60.0,1178.4954446531533,17.598053731343285,112.56023683456002,0.0,452.808,0.0,0.0,0.0
61,2023-01-04T12:00:00Z,100.0,60.0,1178.4954446531533,17.598053731343285,0.0,0.0,0.0,0.0,84.87082302771852,0.0,0.0,0.0,0.0,28.055,1125.602144999943,0.1190799999999999,7.8,80.72,100.0,60.0,1172.6029674298875,16.5,1182.4179680276613,297.0478805970148,361.6238805970148,-297.0478805970148,0.0,0.0
62,2023-01-04T13:00:00Z,100.0,60.0,1172.6029674298875,16.5,0.0,0.0,0.0,0.0,98.33999999999996,0.0,0.0,0.0,0.0,9.67,1232.9786190307755,0.11655,8.13,35.95,100.0,60.0,1166.739952592738,16.499999999999996,1321.6486190307753,344.1899999999999,372.9499999999999,-344.1899999999999,0.0,0.0
63,2023-01-04T14:00:00Z,100.0,60.0,1166.739952592738,16.499999999999996,0.0,0.0,0.0,0.0,103.20057142857141,0.0,0.0,0.0,0.0,4.225,1269.290430887528,0.12799,7.99,20.81,100.0,60.0,1160.9062528297743,16.5,1368.2660023160995,361.20199999999994,377.84999999999997,-361.20199999999994,0.0,0.0
64,2023-01-04T15:00:00Z,100.0,60.0,1160.9062528297743,16.5,0.0,0.0,0.0,0.0,108.02514285714281,0.0,0.0,0.0,0.0,0.0,1314.668203696627,0.13125,7.94,1.89,100.0,60.0,1155.1017215656254,16.5,1422.6933465537697,378.08799999999985,379.59999999999985,-378.08799999999985,0.0,0.0
65,2023-01-04T16:00:00Z,100.0,60.0,1155.1017215656254,16.5,0.0,0.0,0.0,0.0,108.25714285714282,0.0,0.0,0.0,0.0,0.0,1319.2011841728,0.1502,7.96,0.0,100.0,60.0,1149.3262129577972,16.5,1427.4583270299427,378.89999999999986,378.89999999999986,-378.89999999999986,0.0,0.0
66,2023-01-04T17:00:00Z,100.0,60.0,1149.3262129577972,16.5,0.0,0.0,0.0,0.0,107.35714285714282,0.0,0.0,0.0,0.0,0.0,1319.2011841728,0.1375,8.05,0.0,100.0,60.0,1143.5795818930083,16.5,1426.5583270299428,375.7499999999999,375.7499999999999,-375.7499999999999,0.0,0.0
67,2023-01-04T18:00:00Z,100.0,60.0,1143.5795818930083,16.5,0.0,0.0,0.0,0.0,106.55714285714282,0.0,0.0,0.0,0.0,0.0,1319.2011841728,0.12949,8.13,0.0,100.0,60.0,1137.8616839835431,16.499999999999996,1425.7583270299428,372.9499999999999,372.9499999999999,-372.9499999999999,0.0,0.0
68,2023-01-04T19:00:00Z,100.0,60.0,1137.8616839835431,16.499999999999996,0.0,0.0,0.0,0.0,109.05714285714285,0.0,0.0,0.0,0.0,0.0,1319.2011841728,0.1224,7.88,0.0,100.0,60.0,1132.1723755636253,16.499999999999996,1428.2583270299428,381.7,381.7,-381.7,0.0,0.0
69,2023-01-04T20:00:00Z,100.0,60.0,1132.1723755636253,16.499999999999996,0.0,0.0,0.0,0.0,111.45714285714287,0.0,0.0,0.0,0.0,0.0,1319.2011841728,0.1293899999999999,7.64,0.0,100.0,60.0,1126.5115136858071,16.5,1430.6583270299427,390.1,390.1,-390.1,0.0,0.0
70,2023-01-04T21:00:00Z,100.0,60.0,1126.5115136858071,16.5,0.0,0.0,0.0,0.0,112.35714285714282,0.0,0.0,0.0,0.0,0.0,120.0,0.1089599999999999,7.55,0.0,100.0,60.0,1120.878956117378,16.5,232.35714285714283,393.2499999999999,393.2499999999999,-393.2499999999999,0.0,0.0
71,2023-01-04T22:00:00Z,100.0,60.0,1120.878956117378,16.5,0.0,0.0,0.0,0.0,115.55714285714282,0.0,0.0,0.0,0.0,0.0,120.0,0.106,7.23,0.0,100.0,60.0,1115.274561336791,16.499999999999996,235.55714285714282,404.4499999999999,404.4499999999999,-404.4499999999999,0.0,0.0
72,2023-01-04T23:00:00Z,100.0,60.0,1115.274561336791,16.499999999999996,0.0,0.0,0.0,0.0,119.25714285714285,0.0,0.0,0.0,0.0,0.0,120.0,0.0054,6.86,0.0,100.0,60.0,1109.698188530107,16.5,239.25714285714287,417.4,417.4,-417.4,0.0,0.0
73,2023-01-05T00:00:00Z,100.0,60.0,1109.698188530107,16.5,0.0,0.0,0.0,0.0,118.95714285714283,0.0,0.0,0.0,0.0,0.0,120.0,0.00363,6.89,0.0,100.0,60.0,1104.1496975874566,16.5,238.95714285714283,416.3499999999999,416.3499999999999,-416.3499999999999,0.0,0.0
74,2023-01-05T01:00:00Z,100.0,60.0,1104.1496975874566,16.5,0.0,0.0,0.0,0.0,122.45714285714283,0.0,0.0,0.0,0.0,0.0,120.0,0.0049,6.54,0.0,100.0,60.0,1098.6289490995193,16.5,242.45714285714283,428.5999999999999,428.5999999999999,-428.5999999999999,0.0,0.0
75,2023-01-05T02:00:00Z,100.0,60.0,1098.6289490995193,16.5,0.0,0.0,0.0,0.0,126.25714285714282,0.0,0.0,0.0,0.0,0.0,120.0,0.0,6.16,0.0,100.0,60.0,1093.1358043540217,16.5,246.2571428571428,441.89999999999986,441.89999999999986,-441.89999999999986,0.0,0.0
76,2023-01-05T03:00:00Z,100.0,60.0,1093.1358043540217,16.5,0.0,0.0,0.0,0.0,126.45714285714283,0.0,0.0,0.0,0.0,0.0,120.0,0.00687,6.14,0.0,100.0,60.0,1087.6701253322517,16.5,246.45714285714283,442.5999999999999,442.5999999999999,-442.5999999999999,0.0,0.0
77,2023-01-05T04:00:00Z,100.0,60.0,1087.6701253322517,16.5,0.0,0.0,0.0,0.0,129.85714285714283,0.0,0.0,0.0,0.0,0.0,120.0,0.01632,5.8,0.0,100.0,60.0,1082.2317747055904,16.5,249.85714285714283,454.4999999999999,454.4999999999999,-454.4999999999999,0.0,0.0
78,2023-01-05T05:00:00Z,100.0,60.0,1082.2317747055904,16.5,0.0,0.0,0.0,0.0,132.15714285714282,0.0,0.0,0.0,0.0,0.0,1318.580128111227,0.0678,5.57,0.0,100.0,60.0,1076.8206158320625,16.5,1450.7372709683698,462.54999999999984,462.54999999999984,-462.54999999999984,0.0,0.0
79,2023-01-05T06:00:00Z,100.0,60.0,1076.8206158320625,16.5,0.0,0.0,0.0,0.0,134.35714285714283,0.0,0.0,0.0,0.0,0.0,1318.580128111227,0.1199,5.35,0.0,100.0,60.0,1071.4365127529022,16.5,1452.9372709683698,470.2499999999999,470.2499999999999,-470.2499999999999,0.0,0.0
80,2023-01-05T07:00:00Z,100.0,60.0,1071.4365127529022,16.5,0.0,0.0,0.0,0.0,129.95714285714283,0.0,0.0,0.0,0.0,0.0,1318.580128111227,0.179,5.79,0.0,100.0,60.0,1066.0793301891376,16.5,1448.5372709683697,454.8499999999999,454.8499999999999,-454.8499999999999,0.0,0.0
81,2023-01-05T08:00:00Z,100.0,60.0,1066.0793301891376,16.5,0.0,0.0,0.0,0.0,130.7571428571428,0.0,0.0,0.0,0.0,0.0,1318.580128111227,0.17104,5.71,0.0,100.0,60.0,1060.748933538192,16.5,1449.3372709683697,457.64999999999986,457.64999999999986,-457.64999999999986,0.0,0.0
82,2023-01-05T09:00:00Z,100.0,60.0,1060.748933538192,16.5,0.0,0.0,0.0,0.0,123.00228571428569,0.0,0.0,0.0,0.0,6.25,1255.0793529238942,0.16947,5.88,26.49,100.0,60.0,1055.445188870501,16.5,1371.83163863818,430.5079999999999,451.69999999999993,-430.5079999999999,0.0,0.0
83,2023-01-05T10:00:00Z,100.0,60.0,1055.445188870501,16.5,0.0,0.0,0.0,0.0,113.19085714285711,0.0,0.0,0.0,0.0,10.825,1225.594281772358,0.154,6.58,38.79,100.0,60.0,1050.1679629261484,16.499999999999996,1327.960138915215,396.1679999999999,427.1999999999999,-396.1679999999999,0.0,0.0
84,2023-01-05T11:00:00Z,100.0,60.0,1050.1679629261484,16.499999999999996,0.0,0.0,0.0,0.0,110.1702857142857,0.0,0.0,0.0,0.0,6.88999999999995,1250.5487200396337,0.146,7.12,28.38,100.0,60.0,1044.9171231115176,16.5,1353.8290057539195,385.59599999999995,408.29999999999995,-385.59599999999995,0.0,0.0
85,2023-01-05T12:00:00Z,100.0,60.0,1044.9171231115176,16.5,0.0,0.0,0.0,0.0,103.95714285714283,0.0,0.0,0.0,0.0,9.325,1234.6795191434412,0.1451,7.59,35.0,100.0,60.0,1039.69253749596,16.5,1329.311662000584,363.8499999999999,391.8499999999999,-363.8499999999999,0.0,0.0
86,2023-01-05T13:00:00Z,100.0,60.0,1039.69253749596,16.5,0.0,0.0,0.0,0.0,101.73999999999998,0.0,0.0,0.0,0.0,9.674999999999999,1232.4022169000298,0.15103,7.79,35.95,100.0,60.0,1034.4940748084803,16.5,1324.4672169000298,356.0899999999999,384.8499999999999,-356.0899999999999,0.0,0.0
87,2023-01-05T14:00:00Z,100.0,60.0,1034.4940748084803,16.5,0.0,0.0,0.0,0.0,99.83999999999996,0.0,0.0,0.0,0.0,9.665,1232.4022169000298,0.1594799999999999,7.98,35.95,100.0,60.0,1029.3216044344379,16.499999999999996,1322.5772169000297,349.4399999999999,378.1999999999999,-349.4399999999999,0.0,0.0
88,2023-01-05T15:00:00Z,100.0,60.0,1029.3216044344379,16.499999999999996,0.0,0.0,0.0,0.0,107.51200000000001,0.0,0.0,0.0,0.0,0.61,1298.1802943307741,0.17273,7.84,8.51,100.0,60.0,1024.1749964122657,16.5,1405.0822943307742,376.29200000000003,383.1,-376.29200000000003,0.0,0.0
89,2023-01-05T16:00:00Z,100.0,60.0,1024.1749964122657,16.5,0.0,0.0,0.0,0.0,113.55714285714282,0.0,0.0,0.0,0.0,0.0,1318.580128111227,0.2221,7.43,0.0,100.0,60.0,1019.0541214302044,16.499999999999996,1432.1372709683696,397.4499999999999,397.4499999999999,-397.4499999999999,0.0,0.0
90,2023-01-05T17:00:00Z,100.0,60.0,1019.0541214302044,16.499999999999996,0.0,0.0,0.0,0.0,117.95714285714287,0.0,0.0,0.0,0.0,0.0,1318.580128111227,0.1946699999999999,6.99,0.0,100.0,60.0,1013.9588508230534,16.5,1436.5372709683697,412.85,412.85,-412.85,0.0,0.0
91,2023-01-05T18:00:00Z,100.0,60.0,1013.9588508230534,16.5,0.0,0.0,0.0,0.0,121.75714285714282,0.0,0.0,0.0,0.0,0.0,1318.580128111227,0.17798,6.61,0.0,100.0,60.0,1008.889056568938,16.5,1440.3372709683697,426.14999999999986,426.14999999999986,-426.14999999999986,0.0,0.0
92,2023-01-05T19:00:00Z,100.0,60.0,1008.889056568938,16.5,0.0,0.0,0.0,0.0,125.55714285714282,0.0,0.0,0.0,0.0,0.0,1318.580128111227,0.16399,6.23,0.0,100.0,60.0,1003.8446112860934,16.499999999999996,1444.1372709683696,439.4499999999999,439.4499999999999,-439.4499999999999,0.0,0.0
93,2023-01-05T20:00:00Z,100.0,60.0,1003.8446112860934,16.499999999999996,0.0,0.0,0.0,0.0,126.85714285714286,0.0,0.0,0.0,0.0,0.0,1318.580128111227,0.152,6.1,0.0,100.0,60.0,998.8253882296628,16.5,1445.4372709683698,444.0,444.0,-444.0,0.0,0.0
94,2023-01-05T21:00:00Z,100.0,60.0,998.8253882296628,16.5,0.0,0.0,0.0,0.0,131.55714285714285,0.0,0.0,0.0,0.0,0.0,120.0,0.14464,5.63,0.0,100.0,60.0,993.8312612885145,16.5,251.55714285714285,460.45,460.45,-460.45,0.0,0.0
95,2023-01-05T22:00:00Z,100.0,60.0,993.8312612885145,16.5,0.0,0.0,0.0,0.0,133.95714285714283,0.0,0.0,0.0,0.0,0.0,120.0,0.127,5.39,0.0,100.0,60.0,988.862104982072,16.5,253.95714285714283,468.8499999999999,468.8499999999999,-468.8499999999999,0.0,0.0
96,2023-01-05T23:00:00Z,100.0,60.0,988.862104982072,16.5,0.0,0.0,0.0,0.0,134.45714285714283,0.0,0.0,0.0,0.0,0.0,120.0,0.10721,5.34,0.0,100.0,60.0,983.9177944571616,16.5,254.45714285714283,470.5999999999999,470.5999999999999,-470.5999999999999,0.0,0.0
97,2023-01-06T00:00:00Z,100.0,60.0,983.9177944571616,16.5,0.0,0.0,0.0,0.0,132.55714285714282,0.0,0.0,0.0,0.0,0.0,120.0,0.1011,5.53,0.0,100.0,60.0,978.9982054848757,16.499999999999996,252.55714285714282,463.9499999999999,463.9499999999999,-463.9499999999999,0.0,0.0
98,2023-01-06T01:00:00Z,100.0,60.0,978.9982054848757,16.499999999999996,0.0,0.0,0.0,0.0,132.85714285714286,0.0,0.0,0.0,0.0,0.0,120.0,0.09673,5.5,0.0,100.0,60.0,974.1032144574514,16.5,252.85714285714286,465.0,465.0,-465.0,0.0,0.0
99,2023-01-06T02:00:00Z,100.0,60.0,974.1032144574514,16.5,0.0,0.0,0.0,0.0,133.65714285714282,0.0,0.0,0.0,0.0,0.0,120.0,0.08142,5.42,0.0,100.0,60.0,969.2326983851641,16.499999999999996,253.65714285714282,467.79999999999984,467.79999999999984,-467.79999999999984,0.0,0.0
100,2023-01-06T03:00:00Z,100.0,60.0,969.2326983851641,16.499999999999996,0.0,0.0,0.0,0.0,132.95714285714286,0.0,0.0,0.0,0.0,0.0,120.0,0.07445,5.49,0.0,100.0,60.0,964.3865348932383,16.5,252.95714285714286,465.35,465.35,-465.35,0.0,0.0
101,2023-01-06T04:00:00Z,100.0,60.0,964.3865348932383,16.5,0.0,0.0,0.0,0.0,131.65714285714282,0.0,0.0,0.0,0.0,0.0,120.0,0.0783199999999999,5.62,0.0,100.0,60.0,959.564602218772,16.5,251.65714285714282,460.79999999999984,460.79999999999984,-460.79999999999984,0.0,0.0
102,2023-01-06T05:00:00Z,100.0,60.0,959.564602218772,16.5,0.0,0.0,0.0,0.0,132.05714285714282,0.0,0.0,0.0,0.0,0.0,1317.781942559518,0.09689,5.58,0.0,100.0,60.0,954.7667792076782,16.499999999999996,1449.839085416661,462.1999999999999,462.1999999999999,-462.1999999999999,0.0,0.0
103,2023-01-06T06:00:00Z,100.0,60.0,954.7667792076782,16.499999999999996,0.0,0.0,0.0,0.0,132.55714285714285,0.0,0.0,0.0,0.0,0.0,1317.781942559518,0.1070199999999999,5.53,0.0,100.0,60.0,949.9929453116398,16.499999999999996,1450.339085416661,463.95,463.95,-463.95,0.0,0.0
104,2023-01-06T07:00:00Z,100.0,60.0,949.9929453116398,16.499999999999996,0.0,0.0,0.0,0.0,130.75714285714284,0.0,0.0,0.0,0.0,0.0,1317.781942559518,0.12294,5.71,0.0,100.0,60.0,945.2429805850816,16.5,1448.5390854166608,457.6499999999999,457.6499999999999,-457.6499999999999,0.0,0.0
105,2023-01-06T08:00:00Z,100.0,60.0,945.2429805850816,16.5,0.0,0.0,0.0,0.0,132.05714285714282,0.0,0.0,0.0,0.0,0.0,1317.781942559518,0.1664,5.58,0.0,100.0,60.0,940.5167656821561,16.499999999999996,1449.839085416661,462.1999999999999,462.1999999999999,-462.1999999999999,0.0,0.0
106,2023-01-06T09:00:00Z,100.0,60.0,940.5167656821561,16.499999999999996,0.0,0.0,0.0,0.0,125.67200000000001,0.0,0.0,0.0,0.0,9.075,1236.1890366323635,0.1824,5.44,34.06,100.0,60.0,935.8141818537454,16.5,1352.7860366323634,439.85200000000003,467.1,-439.85200000000003,0.0,0.0
107,2023-01-06T10:00:00Z,100.0,60.0,935.8141818537454,16.5,0.0,0.0,0.0,0.0,118.84971428571427,0.0,0.0,0.0,0.0,16.56,1190.8889235647625,0.1636699999999999,5.69,52.97,100.0,60.0,931.1351109444767,16.5,1293.178637850477,415.97399999999993,458.3499999999999,-415.97399999999993,0.0,0.0
108,2023-01-06T11:00:00Z,100.0,60.0,931.1351109444767,16.5,0.0,0.0,0.0,0.0,0.0,0.0,0.0,0.0,0.0,253.255,359.5563885119036,0.1402,6.15,582.42,100.0,60.0,926.4794353897543,16.924226865671642,106.30138851190361,0.0,465.9359999999999,0.0,0.0,0.0
109,2023-01-06T12:00:00Z,100.0,60.0,926.4794353897543,16.924226865671642,0.0,0.0,0.0,0.0,0.0,0.0,0.0,0.0,0.0,264.965,359.5563885119036,0.135,6.48,610.12,100.0,60.0,921.8470382128055,17.68628166629539,94.59138851190363,0.0,488.09600000000006,0.0,0.0,0.0
110,2023-01-06T13:00:00Z,100.0,60.0,921.8470382128055,17.68628166629539,0.0,0.0,0.0,0.0,0.0,0.0,0.0,0.0,0.0,225.445,359.5563885119036,0.158,6.91,520.45,100.0,60.0,917.2378030217415,16.955358830707233,134.1113885119036,0.0,416.36,0.0,0.0,0.0
111,2023-01-06T14:00:00Z,100.0,60.0,917.2378030217415,16.955358830707233,0.0,0.0,0.0,0.0,36.55410219817121,0.0,0.0,0.0,0.0,145.53,497.2294449896945,0.1704,7.03,342.53,100.0,60.0,912.6516140066327,16.499999999999996,388.2535471878657,127.93935769359922,401.9633576935992,-127.93935769359922,0.0,0.0
112,2023-01-06T15:00:00Z,100.0,60.0,912.6516140066327,16.499999999999996,0.0,0.0,0.0,0.0,88.6137142857143,0.0,0.0,0.0,0.0,52.445,981.9478415046802,0.1401,6.72,140.19,100.0,60.0,908.0883559365996,16.5,1018.1165557903945,310.148,422.3,-310.148,0.0,0.0
113,2023-01-06T16:00:00Z,100.0,60.0,908.0883559365996,16.5,0.0,0.0,0.0,0.0,127.45714285714283,0.0,0.0,0.0,0.0,0.0,1317.781942559518,0.15593,6.04,0.0,100.0,60.0,903.5479141569166,16.5,1445.2390854166608,446.0999999999999,446.0999999999999,-446.0999999999999,0.0,0.0
114,2023-01-06T17:00:00Z,100.0,60.0,903.5479141569166,16.5,0.0,0.0,0.0,0.0,130.15714285714282,0.0,0.0,0.0,0.0,0.0,1317.781942559518,0.1635,5.77,0.0,100.0,60.0,899.030174586132,16.499999999999996,1447.9390854166609,455.54999999999984,455.54999999999984,-455.54999999999984,0.0,0.0
115,2023-01-06T18:00:00Z,100.0,60.0,899.030174586132,16.499999999999996,0.0,0.0,0.0,0.0,132.85714285714286,0.0,0.0,0.0,0.0,0.0,1317.781942559518,0.14674,5.5,0.0,100.0,60.0,894.5350237132013,16.5,1450.639085416661,465.0,465.0,-465.0,0.0,0.0
116,2023-01-06T19:00:00Z,100.0,60.0,894.5350237132013,16.5,0.0,0.0,0.0,0.0,136.45714285714283,0.0,0.0,0.0,0.0,0.0,1317.781942559518,0.13939,5.14,0.0,100.0,60.0,890.0623485946353,16.5,1454.2390854166608,477.5999999999999,477.5999999999999,-477.5999999999999,0.0,0.0
117,2023-01-06T20:00:00Z,100.0,60.0,890.0623485946353,16.5,0.0,0.0,0.0,0.0,132.45714285714283,0.0,0.0,0.0,0.0,0.0,1317.781942559518,0.13184,5.54,0.0,100.0,60.0,885.6120368516621,16.5,1450.2390854166608,463.5999999999999,463.5999999999999,-463.5999999999999,0.0,0.0
118,2023-01-06T21:00:00Z,100.0,60.0,885.6120368516621,16.5,0.0,0.0,0.0,0.0,126.35714285714282,0.0,0.0,0.0,0.0,0.0,120.0,0.12994,6.15,0.0,100.0,60.0,881.1839766674037,16.5,246.35714285714283,442.2499999999999,442.2499999999999,-442.2499999999999,0.0,0.0
119,2023-01-06T22:00:00Z,100.0,60.0,881.1839766674037,16.5,0.0,0.0,0.0,0.0,119.55714285714282,0.0,0.0,0.0,0.0,0.0,120.0,0.12131,6.83,0.0,100.0,60.0,876.7780567840667,16.499999999999996,239.55714285714282,418.4499999999999,418.4499999999999,-418.4499999999999,0.0,0.0
120,2023-01-06T23:00:00Z,100.0,60.0,876.7780567840667,16.499999999999996,0.0,0.0,0.0,0.0,112.45714285714287,0.0,0.0,0.0,0.0,0.0,120.0,0.09728,7.54,0.0,100.0,60.0,872.3941665001464,16.5,232.45714285714286,393.6,393.6,-393.6,0.0,0.0
121,2023-01-07T00:00:00Z,100.0,60.0,872.3941665001464,16.5,0.0,0.0,0.0,0.0,106.75714285714284,0.0,0.0,0.0,0.0,0.0,120.0,0.09816,8.11,0.0,100.0,60.0,868.0321956676456,16.499999999999996,226.75714285714284,373.6499999999999,373.6499999999999,-373.6499999999999,0.0,0.0
122,2023-01-07T01:00:00Z,100.0,60.0,868.0321956676456,16.499999999999996,0.0,0.0,0.0,0.0,103.65714285714286,0.0,0.0,0.0,0.0,0.0,120.0,0.0949599999999999,8.42,0.0,100.0,60.0,863.6920346893074,16.5,223.65714285714284,362.8,362.8,-362.8,0.0,0.0
123,2023-01-07T02:00:00Z,100.0,60.0,863.6920346893074,16.5,0.0,0.0,0.0,0.0,110.05714285714282,0.0,0.0,0.0,0.0,0.0,120.0,0.08386,7.78,0.0,100.0,60.0,859.3735745158609,16.499999999999996,230.05714285714282,385.1999999999999,385.1999999999999,-385.1999999999999,0.0,0.0
124,2023-01-07T03:00:00Z,100.0,60.0,859.3735745158609,16.499999999999996,0.0,0.0,0.0,0.0,117.85714285714286,0.0,0.0,0.0,0.0,0.0,120.0,0.0766599999999999,7.0,0.0,100.0,60.0,855.0767066432816,16.5,237.85714285714286,412.5,412.5,-412.5,0.0,0.0
125,2023-01-07T04:00:00Z,100.0,60.0,855.0767066432816,16.5,0.0,0.0,0.0,0.0,123.25714285714282,0.0,0.0,0.0,0.0,0.0,120.0,0.06988,6.46,0.0,100.0,60.0,850.8013231100651,16.5,243.2571428571428,431.39999999999986,431.39999999999986,-431.39999999999986,0.0,0.0
126,2023-01-07T05:00:00Z,100.0,60.0,850.8013231100651,16.5,0.0,0.0,0.0,0.0,126.55714285714284,0.0,0.0,0.0,0.0,0.0,1316.806863713619,0.0764899999999999,6.13,0.0,100.0,60.0,846.5473164945148,16.5,1443.3640065707618,442.94999999999993,442.94999999999993,-442.94999999999993,0.0,0.0
127,2023-01-07T06:00:00Z,100.0,60.0,846.5473164945148,16.5,0.0,0.0,0.0,0.0,129.65714285714282,0.0,0.0,0.0,0.0,0.0,1316.806863713619,0.09253,5.82,0.0,100.0,60.0,842.3145799120422,16.5,1446.4640065707617,453.79999999999984,453.79999999999984,-453.79999999999984,0.0,0.0
128,2023-01-07T07:00:00Z,100.0,60.0,842.3145799120422,16.5,0.0,0.0,0.0,0.0,131.2571428571428,0.0,0.0,0.0,0.0,0.0,1316.806863713619,0.10994,5.66,0.0,100.0,60.0,838.103007012482,16.5,1448.0640065707616,459.39999999999986,459.39999999999986,-459.39999999999986,0.0,0.0
129,2023-01-07T08:00:00Z,100.0,60.0,838.103007012482,16.5,0.0,0.0,0.0,0.0,134.2571428571428,0.0,0.0,0.0,0.0,0.0,1316.806863713619,0.11287,5.36,0.0,100.0,60.0,833.9124919774196,16.5,1451.0640065707616,469.89999999999986,469.89999999999986,-469.89999999999986,0.0,0.0
130,2023-01-07T09:00:00Z,100.0,60.0,833.9124919774196,16.5,0.0,0.0,0.0,0.0,70.21942857142855,0.0,0.0,0.0,0.0,114.155,665.0497818724563,0.10069,5.54,272.29,100.0,60.0,829.7429295175325,16.5,621.1142104438849,245.76799999999992,463.5999999999999,-245.76799999999992,0.0,0.0
131,2023-01-07T10:00:00Z,100.0,60.0,829.7429295175325,16.5,0.0,0.0,0.0,0.0,99.88399999999999,0.0,0.0,0.0,0.0,41.43,1052.1449938719893,0.08832,6.27,110.57,100.0,60.0,825.5942148699448,16.5,1110.5989938719893,349.59399999999994,438.04999999999995,-349.59399999999994,0.0,0.0
132,2023-01-07T11:00:00Z,100.0,60.0,825.5942148699448,16.5,0.0,0.0,0.0,0.0,16.505714285714248,0.0,0.0,0.0,0.0,184.53,359.36137274272374,0.0879,7.39,426.35,100.0,60.0,821.4662437955951,16.5,191.337087028438,57.76999999999987,398.8499999999999,-57.76999999999987,0.0,0.0
133,2023-01-07T12:00:00Z,100.0,60.0,821.4662437955951,16.5,0.0,0.0,0.0,0.0,51.95371428571425,0.0,0.0,0.0,0.0,95.175,765.9406004835142,0.07429,8.33,230.14,100.0,60.0,817.3589125766172,16.499999999999996,722.7193147692285,181.83799999999988,365.9499999999999,-181.83799999999988,0.0,0.0
134,2023-01-07T13:00:00Z,100.0,60.0,817.3589125766172,16.499999999999996,0.0,0.0,0.0,0.0,91.55142857142857,0.0,0.0,0.0,0.0,5.155,1260.1978990599646,0.09,9.09,23.65,100.0,60.0,813.272118013734,16.5,1346.594327631393,320.43,339.35,-320.43,0.0,0.0
135,2023-01-07T14:00:00Z,100.0,60.0,813.272118013734,16.5,0.0,0.0,0.0,0.0,85.6942857142857,0.0,0.0,0.0,0.0,14.475,1200.9559593061404,0.0869,9.11,48.4,100.0,60.0,809.2057574236653,16.5,1272.1752450204262,299.92999999999995,338.65,-299.92999999999995,0.0,0.0
136,2023-01-07T15:00:00Z,100.0,60.0,809.2057574236653,16.5,0.0,0.0,0.0,0.0,94.3228571428571,0.0,0.0,0.0,0.0,4.244999999999999,1266.1819333785327,0.09431,8.87,21.15,100.0,60.0,805.159728636547,16.5,1356.25979052139,330.1299999999999,347.0499999999999,-330.1299999999999,0.0,0.0
137,2023-01-07T16:00:00Z,100.0,60.0,805.159728636547,16.5,0.0,0.0,0.0,0.0,105.55714285714282,0.0,0.0,0.0,0.0,0.0,1316.806863713619,0.0983199999999999,8.23,0.0,100.0,60.0,801.1339299933643,16.499999999999996,1422.3640065707618,369.4499999999999,369.4499999999999,-369.4499999999999,0.0,0.0
138,2023-01-07T17:00:00Z,100.0,60.0,801.1339299933643,16.499999999999996,0.0,0.0,0.0,0.0,110.15714285714286,0.0,0.0,0.0,0.0,0.0,1316.806863713619,0.10096,7.77,0.0,100.0,60.0,797.1282603433974,16.5,1426.9640065707617,385.55,385.55,-385.55,0.0,0.0
139,2023-01-07T18:00:00Z,100.0,60.0,797.1282603433974,16.5,0.0,0.0,0.0,0.0,112.95714285714281,0.0,0.0,0.0,0.0,0.0,1316.806863713619,0.096,7.49,0.0,100.0,60.0,793.1426190416804,16.5,1429.7640065707617,395.34999999999985,395.34999999999985,-395.34999999999985,0.0,0.0
140,2023-01-07T19:00:00Z,100.0,60.0,793.1426190416804,16.5,0.0,0.0,0.0,0.0,120.05714285714282,0.0,0.0,0.0,0.0,0.0,1316.806863713619,0.0891,6.78,0.0,100.0,60.0,789.176905946472,16.499999999999996,1436.8640065707618,420.1999999999999,420.1999999999999,-420.1999999999999,0.0,0.0
141,2023-01-07T20:00:00Z,100.0,60.0,789.176905946472,16.499999999999996,0.0,0.0,0.0,0.0,121.35714285714286,0.0,0.0,0.0,0.0,0.0,1316.806863713619,0.06298,6.65,0.0,100.0,60.0,785.2310214167396,16.5,1438.1640065707618,424.75,424.75,-424.75,0.0,0.0
142,2023-01-07T21:00:00Z,100.0,60.0,785.2310214167396,16.5,0.0,0.0,0.0,0.0,115.65714285714283,0.0,0.0,0.0,0.0,0.0,120.0,0.0512,7.22,0.0,100.0,60.0,781.304866309656,16.5,235.65714285714284,404.7999999999999,404.7999999999999,-404.7999999999999,0.0,0.0
143,2023-01-07T22:00:00Z,100.0,60.0,781.304866309656,16.5,0.0,0.0,0.0,0.0,108.05714285714282,0.0,0.0,0.0,0.0,0.0,120.0,0.03879,7.98,0.0,100.0,60.0,777.3983419781076,16.499999999999996,228.05714285714282,378.1999999999999,378.1999999999999,-378.1999999999999,0.0,0.0
144,2023-01-07T23:00:00Z,100.0,60.0,777.3983419781076,16.499999999999996,0.0,0.0,0.0,0.0,100.05714285714286,0.0,0.0,0.0,0.0,0.0,120.0,0.01155,8.78,0.0,100.0,60.0,773.511350268217,16.5,220.05714285714288,350.20000000000005,350.20000000000005,-350.20000000000005,0.0,0.0
145,2023-01-08T00:00:00Z,100.0,60.0,773.511350268217,16.5,0.0,0.0,0.0,0.0,92.25714285714282,0.0,0.0,0.0,0.0,0.0,120.0,0.00907,9.56,0.0,100.0,60.0,769.6437935168759,16.5,212.2571428571428,322.89999999999986,322.89999999999986,-322.89999999999986,0.0,0.0
146,2023-01-08T01:00:00Z,100.0,60.0,769.6437935168759,16.5,0.0,0.0,0.0,0.0,85.25714285714284,0.0,0.0,0.0,0.0,0.0,120.0,0.0091,10.26,0.0,100.0,60.0,765.7955745492916,16.499999999999996,205.25714285714284,298.3999999999999,298.3999999999999,-298.3999999999999,0.0,0.0
147,2023-01-08T02:00:00Z,100.0,60.0,765.7955745492916,16.499999999999996,0.0,0.0,0.0,0.0,79.95714285714287,0.0,0.0,0.0,0.0,0.0,120.0,0.00346,10.79,0.0,100.0,60.0,761.9665966765451,16.5,199.95714285714286,279.85,279.85,-279.85,0.0,0.0
148,2023-01-08T03:00:00Z,100.0,60.0,761.9665966765451,16.5,0.0,0.0,0.0,0.0,77.15714285714283,0.0,0.0,0.0,0.0,0.0,120.0,0.0028,11.07,0.0,100.0,60.0,758.1567636931624,16.5,197.15714285714284,270.0499999999999,270.0499999999999,-270.0499999999999,0.0,0.0
149,2023-01-08T04:00:00Z,100.0,60.0,758.1567636931624,16.5,0.0,0.0,0.0,0.0,75.85714285714282,0.0,0.0,0.0,0.0,0.0,120.0,0.00508,11.2,0.0,100.0,60.0,754.3659798746966,16.5,195.85714285714283,265.4999999999999,265.4999999999999,-265.4999999999999,0.0,0.0
150,2023-01-08T05:00:00Z,100.0,60.0,754.3659798746966,16.5,0.0,0.0,0.0,0.0,75.65714285714282,0.0,0.0,0.0,0.0,0.0,1315.6551801150476,0.00902,11.22,0.0,100.0,60.0,750.594149975323,16.5,1391.3123229721905,264.79999999999984,264.79999999999984,-264.79999999999984,0.0,0.0
151,2023-01-08T06:00:00Z,100.0,60.0,750.594149975323,16.5,0.0,0.0,0.0,0.0,75.95714285714283,0.0,0.0,0.0,0.0,0.0,1315.6551801150476,0.01647,11.19,0.0,100.0,60.0,746.8411792254465,16.5,1391.6123229721904,265.8499999999999,265.8499999999999,-265.8499999999999,0.0,0.0
152,2023-01-08T07:00:00Z,100.0,60.0,746.8411792254465,16.5,0.0,0.0,0.0,0.0,76.95714285714283,0.0,0.0,0.0,0.0,0.0,1315.6551801150476,0.05023,11.09,0.0,100.0,60.0,743.1069733293192,16.5,1392.6123229721904,269.3499999999999,269.3499999999999,-269.3499999999999,0.0,0.0
153,2023-01-08T08:00:00Z,100.0,60.0,743.1069733293192,16.5,0.0,0.0,0.0,0.0,78.45714285714283,0.0,0.0,0.0,0.0,0.0,1315.6551801150476,0.08302,10.94,0.0,100.0,60.0,739.3914384626726,16.5,1394.1123229721904,274.5999999999999,274.5999999999999,-274.5999999999999,0.0,0.0
154,2023-01-08T09:00:00Z,100.0,60.0,739.3914384626726,16.5,0.0,0.0,0.0,0.0,46.42171428571426,0.0,0.0,0.0,0.0,55.364999999999995,970.0390937509918,0.0938799999999999,10.84,144.53,100.0,60.0,735.6944812703592,16.5,961.0958080367061,162.4759999999999,278.0999999999999,-162.4759999999999,0.0,0.0
155,2023-01-08T10:00:00Z,100.0,60.0,735.6944812703592,16.5,0.0,0.0,0.0,0.0,58.25885714285711,0.0,0.0,0.0,0.0,33.765,1088.6480876184046,0.10387,10.79,94.93,100.0,60.0,732.0160088640074,16.5,1113.1419447612616,203.9059999999999,279.8499999999999,-203.9059999999999,0.0,0.0
156,2023-01-08T11:00:00Z,100.0,60.0,732.0160088640074,16.5,0.0,0.0,0.0,0.0,74.63257142857138,0.0,0.0,0.0,0.0,3.54,1270.411588099494,0.10169,10.89,18.92,100.0,60.0,728.3559288196874,16.5,1341.5041595280654,261.2139999999998,276.34999999999985,-261.2139999999998,0.0,0.0
157,2023-01-08T12:00:00Z,100.0,60.0,728.3559288196874,16.5,0.0,0.0,0.0,0.0,67.66457142857139,0.0,0.0,0.0,0.0,15.76,1191.2353020722758,0.099,10.83,52.03,100.0,60.0,724.714149175589,16.499999999999996,1243.1398735008472,236.82599999999988,278.4499999999999,-236.82599999999988,0.0,0.0
158,2023-01-08T13:00:00Z,100.0,60.0,724.714149175589,16.499999999999996,0.0,0.0,0.0,0.0,53.33485714285714,0.0,0.0,0.0,0.0,44.865,1027.7174996397418,0.10429,10.7,120.41,100.0,60.0,721.0905784297111,16.5,1036.187356782599,186.672,283.0,-186.672,0.0,0.0
159,2023-01-08T14:00:00Z,100.0,60.0,721.0905784297111,16.5,0.0,0.0,0.0,0.0,68.49314285714283,0.0,0.0,0.0,0.0,18.23,1176.8874399108952,0.10333,10.61,58.03,100.0,60.0,717.4851255375625,16.499999999999996,1227.150582768038,239.72599999999989,286.14999999999986,-239.72599999999989,0.0,0.0
160,2023-01-08T15:00:00Z,100.0,60.0,717.4851255375625,16.499999999999996,0.0,0.0,0.0,0.0,80.49657142857141,0.0,0.0,0.0,0.0,2.375,1279.4507412611642,0.10843,10.39,15.14,100.0,60.0,713.8976999098746,16.5,1357.5723126897356,281.73799999999994,293.84999999999997,-281.73799999999994,0.0,0.0
161,2023-01-08T16:00:00Z,100.0,60.0,713.8976999098746,16.5,0.0,0.0,0.0,0.0,87.55714285714284,0.0,0.0,0.0,0.0,0.0,1315.6551801150476,0.1187199999999999,10.03,0.0,100.0,60.0,710.3282114103253,16.5,1403.2123229721906,306.44999999999993,306.44999999999993,-306.44999999999993,0.0,0.0
162,2023-01-08T17:00:00Z,100.0,60.0,710.3282114103253,16.5,0.0,0.0,0.0,0.0,90.45714285714281,0.0,0.0,0.0,0.0,0.0,1315.6551801150476,0.12276,9.74,0.0,100.0,60.0,706.7765703532737,16.5,1406.1123229721904,316.59999999999985,316.59999999999985,-316.59999999999985,0.0,0.0
163,2023-01-08T18:00:00Z,100.0,60.0,706.7765703532737,16.5,0.0,0.0,0.0,0.0,92.55714285714284,0.0,0.0,0.0,0.0,0.0,1315.6551801150476,0.10944,9.53,0.0,100.0,60.0,703.2426875015072,16.5,1408.2123229721906,323.94999999999993,323.94999999999993,-323.94999999999993,0.0,0.0
164,2023-01-08T19:00:00Z,100.0,60.0,703.2426875015072,16.5,0.0,0.0,0.0,0.0,92.75714285714284,0.0,0.0,0.0,0.0,0.0,1315.6551801150476,0.10441,9.51,0.0,100.0,60.0,699.7264740639997,16.499999999999996,1408.4123229721904,324.6499999999999,324.6499999999999,-324.6499999999999,0.0,0.0
165,2023-01-08T20:00:00Z,100.0,60.0,699.7264740639997,16.499999999999996,0.0,0.0,0.0,0.0,94.75714285714285,0.0,0.0,0.0,0.0,0.0,1315.6551801150476,0.09865,9.31,0.0,100.0,60.0,696.2278416936797,16.5,1410.4123229721904,331.65,331.65,-331.65,0.0,0.0
166,2023-01-08T21:00:00Z,100.0,60.0,696.2278416936797,16.5,0.0,0.0,0.0,0.0,96.25714285714282,0.0,0.0,0.0,0.0,0.0,120.0,0.09938,9.16,0.0,100.0,60.0,692.7467024852112,16.5,216.2571428571428,336.89999999999986,336.89999999999986,-336.89999999999986,0.0,0.0
167,2023-01-08T22:00:00Z,100.0,60.0,692.7467024852112,16.5,0.0,0.0,0.0,0.0,96.05714285714282,0.0,0.0,0.0,0.0,0.0,120.0,0.08134,9.18,0.0,100.0,60.0,689.2829689727852,16.499999999999996,216.05714285714282,336.1999999999999,336.1999999999999,-336.1999999999999,0.0,0.0
168,2023-01-08T23:00:00Z,100.0,60.0,689.2829689727852,16.499999999999996,0.0,0.0,0.0,0.0,94.45714285714287,0.0,0.0,0.0,0.0,0.0,120.0,0.07513,9.34,0.0,100.0,60.0,685.8365541279212,16.5,214.45714285714286,330.6,330.6,-330.6,0.0,0.0
169,2023-01-09T00:00:00Z,100.0,60.0,685.8365541279212,16.5,0.0,0.0,0.0,0.0,92.65714285714283,0.0,0.0,0.0,0.0,0.0,120.0,0.0643799999999999,9.52,0.0,100.0,60.0,682.4073713572816,16.5,212.65714285714284,324.2999999999999,324.2999999999999,-324.2999999999999,0.0,0.0
170,2023-01-09T01:00:00Z,100.0,60.0,682.4073713572816,16.5,0.0,0.0,0.0,0.0,90.75714285714282,0.0,0.0,0.0,0.0,0.0,120.0,0.06028,9.71,0.0,100.0,60.0,678.9953345004952,16.5,210.7571428571428,317.64999999999986,317.64999999999986,-317.64999999999986,0.0,0.0
171,2023-01-09T02:00:00Z,100.0,60.0,678.9953345004952,16.5,0.0,0.0,0.0,0.0,88.05714285714282,0.0,0.0,0.0,0.0,0.0,120.0,0.0394099999999999,9.98,0.0,100.0,60.0,675.6003578279928,16.499999999999996,208.05714285714282,308.1999999999999,308.1999999999999,-308.1999999999999,0.0,0.0
172,2023-01-09T03:00:00Z,100.0,60.0,675.6003578279928,16.499999999999996,0.0,0.0,0.0,0.0,84.55714285714285,0.0,0.0,0.0,0.0,0.0,120.0,0.04312,10.33,0.0,100.0,60.0,672.2223560388528,16.499999999999996,204.55714285714285,295.95,295.95,-295.95,0.0,0.0
173,2023-01-09T04:00:00Z,100.0,60.0,672.2223560388528,16.499999999999996,0.0,0.0,0.0,0.0,81.75714285714287,0.0,0.0,0.0,0.0,0.0,120.0,0.0690699999999999,10.61,0.0,100.0,60.0,668.8612442586585,16.499999999999996,201.75714285714287,286.15000000000003,286.15000000000003,-286.15000000000003,0.0,0.0
174,2023-01-09T05:00:00Z,100.0,60.0,668.8612442586585,16.499999999999996,0.0,0.0,0.0,0.0,80.95714285714287,0.0,0.0,0.0,0.0,0.0,1314.32723256551,0.1071299999999999,10.69,0.0,100.0,60.0,665.5169380373652,16.5,1395.2843754226528,283.35,283.35,-283.35,0.0,0.0
175,2023-01-09T06:00:00Z,100.0,60.0,665.5169380373652,16.5,0.0,0.0,0.0,0.0,81.15714285714283,0.0,0.0,0.0,0.0,0.0,1314.32723256551,0.16,10.67,0.0,100.0,60.0,662.1893533471783,16.5,1395.4843754226529,284.0499999999999,284.0499999999999,-284.0499999999999,0.0,0.0
176,2023-01-09T07:00:00Z,100.0,60.0,662.1893533471783,16.5,0.0,0.0,0.0,0.0,73.95714285714281,0.0,0.0,0.0,0.0,0.0,1314.32723256551,0.18,11.39,0.0,100.0,60.0,658.8784065804424,16.5,1388.2843754226528,258.84999999999985,258.84999999999985,-258.84999999999985,0.0,0.0
177,2023-01-09T08:00:00Z,100.0,60.0,658.8784065804424,16.5,0.0,0.0,0.0,0.0,72.45714285714283,0.0,0.0,0.0,0.0,0.0,1314.32723256551,0.1771599999999999,11.54,0.0,100.0,60.0,655.5840145475402,16.5,1386.7843754226528,253.5999999999999,253.5999999999999,-253.5999999999999,0.0,0.0
178,2023-01-09T09:00:00Z,100.0,60.0,655.5840145475402,16.5,0.0,0.0,0.0,0.0,25.730857142857115,0.0,0.0,0.0,0.0,79.25,839.6060441653711,0.15913,11.67,198.74,100.0,60.0,652.3060944748024,16.5,786.0869013082282,90.05799999999991,249.0499999999999,-90.05799999999991,0.0,0.0
179,2023-01-09T10:00:00Z,100.0,60.0,652.3060944748024,16.5,0.0,0.0,0.0,0.0,64.9965714285714,0.0,0.0,0.0,0.0,2.355,1278.1630039634265,0.16078,11.94,15.14,100.0,60.0,649.0445640024284,16.5,1340.8045753919978,227.4879999999999,239.59999999999988,-227.4879999999999,0.0,0.0
180,2023-01-09T11:00:00Z,100.0,60.0,649.0445640024284,16.5,0.0,0.0,0.0,0.0,60.65142857142853,0.0,0.0,0.0,0.0,5.07,1257.8355544651613,0.141,12.18,23.65,100.0,60.0,645.7993411824162,16.499999999999996,1313.41698303659,212.27999999999986,231.19999999999987,-212.27999999999986,0.0,0.0
181,2023-01-09T12:00:00Z,100.0,60.0,645.7993411824162,16.499999999999996,0.0,0.0,0.0,0.0,53.49485714285715,0.0,0.0,0.0,0.0,12.685,1208.1276550457849,0.14207,12.42,44.46,100.0,60.0,642.5703444765041,16.5,1248.9375121886421,187.23200000000003,222.8,-187.23200000000003,0.0,0.0
182,2023-01-09T13:00:00Z,100.0,60.0,642.5703444765041,16.5,0.0,0.0,0.0,0.0,56.82114285714282,0.0,0.0,0.0,0.0,7.715,1239.7534401641194,0.13897,12.39,31.22,100.0,60.0,639.3574927541216,16.5,1288.8595830212623,198.87399999999985,223.84999999999985,-198.87399999999985,0.0,0.0
183,2023-01-09T14:00:00Z,100.0,60.0,639.3574927541216,16.5,0.0,0.0,0.0,0.0,49.439999999999976,0.0,0.0,0.0,0.0,21.235,1157.392634206402,0.15123,12.34,65.7,100.0,60.0,636.160705290351,16.5,1185.597634206402,173.0399999999999,225.5999999999999,-173.0399999999999,0.0,0.0
184,2023-01-09T15:00:00Z,100.0,60.0,636.160705290351,16.5,0.0,0.0,0.0,0.0,63.975999999999985,0.0,0.0,0.0,0.0,0.0,1303.0288969454405,0.16204,12.28,4.73,100.0,60.0,632.9799017638992,16.5,1367.0048969454404,223.91599999999994,227.69999999999993,-223.91599999999994,0.0,0.0
185,2023-01-09T16:00:00Z,100.0,60.0,632.9799017638992,16.5,0.0,0.0,0.0,0.0,67.05714285714282,0.0,0.0,0.0,0.0,0.0,1314.32723256551,0.17427,12.08,0.0,100.0,60.0,629.8150022550797,16.499999999999996,1381.3843754226527,234.69999999999987,234.69999999999987,-234.69999999999987,0.0,0.0
186,2023-01-09T17:00:00Z,100.0,60.0,629.8150022550797,16.499999999999996,0.0,0.0,0.0,0.0,70.55714285714285,0.0,0.0,0.0,0.0,0.0,1314.32723256551,0.18218,11.73,0.0,100.0,60.0,626.6659272438043,16.499999999999996,1384.884375422653,246.95,246.95,-246.95,0.0,0.0
187,2023-01-09T18:00:00Z,100.0,60.0,626.6659272438043,16.499999999999996,0.0,0.0,0.0,0.0,72.35714285714286,0.0,0.0,0.0,0.0,0.0,1314.32723256551,0.17024,11.55,0.0,100.0,60.0,623.5325976075852,16.5,1386.684375422653,253.25,253.25,-253.25,0.0,0.0
188,2023-01-09T19:00:00Z,100.0,60.0,623.5325976075852,16.5,0.0,0.0,0.0,0.0,70.25714285714284,0.0,0.0,0.0,0.0,0.0,1314.32723256551,0.1605099999999999,11.76,0.0,100.0,60.0,620.4149346195472,16.499999999999996,1384.5843754226528,245.89999999999992,245.89999999999992,-245.89999999999992,0.0,0.0
189,2023-01-09T20:00:00Z,100.0,60.0,620.4149346195472,16.499999999999996,0.0,0.0,0.0,0.0,70.55714285714285,0.0,0.0,0.0,0.0,0.0,1314.32723256551,0.13893,11.73,0.0,100.0,60.0,617.3128599464495,16.499999999999996,1384.884375422653,246.95,246.95,-246.95,0.0,0.0
190,2023-01-09T21:00:00Z,100.0,60.0,617.3128599464495,16.499999999999996,0.0,0.0,0.0,0.0,72.55714285714286,0.0,0.0,0.0,0.0,0.0,120.0,0.132,11.53,0.0,100.0,60.0,614.2262956467173,16.5,192.55714285714288,253.95000000000002,253.95000000000002,-253.95000000000002,0.0,0.0
191,2023-01-09T22:00:00Z,100.0,60.0,614.2262956467173,16.5,0.0,0.0,0.0,0.0,78.65714285714283,0.0,0.0,0.0,0.0,0.0,120.0,0.10831,10.92,0.0,100.0,60.0,611.1551641684837,16.5,198.65714285714284,275.2999999999999,275.2999999999999,-275.2999999999999,0.0,0.0
192,2023-01-09T23:00:00Z,100.0,60.0,611.1551641684837,16.5,0.0,0.0,0.0,0.0,86.25714285714282,0.0,0.0,0.0,0.0,0.0,120.0,0.10601,10.16,0.0,100.0,60.0,608.0993883476413,16.5,206.2571428571428,301.89999999999986,301.89999999999986,-301.89999999999986,0.0,0.0
193,2023-01-10T00:00:00Z,100.0,60.0,608.0993883476413,16.5,0.0,0.0,0.0,0.0,91.55714285714282,0.0,0.0,0.0,0.0,0.0,120.0,0.09672,9.63,0.0,100.0,60.0,605.0588914059031,16.499999999999996,211.55714285714282,320.4499999999999,320.4499999999999,-320.4499999999999,0.0,0.0
194,2023-01-10T01:00:00Z,100.0,60.0,605.0588914059031,16.499999999999996,0.0,0.0,0.0,0.0,97.35714285714286,0.0,0.0,0.0,0.0,0.0,120.0,0.09515,9.05,0.0,100.0,60.0,602.0335969488735,16.5,217.35714285714286,340.75,340.75,-340.75,0.0,0.0
195,2023-01-10T02:00:00Z,100.0,60.0,602.0335969488735,16.5,0.0,0.0,0.0,0.0,103.65714285714283,0.0,0.0,0.0,0.0,0.0,120.0,0.09033,8.42,0.0,100.0,60.0,599.0234289641292,16.5,223.65714285714284,362.7999999999999,362.7999999999999,-362.7999999999999,0.0,0.0
196,2023-01-10T03:00:00Z,100.0,60.0,599.0234289641292,16.5,0.0,0.0,0.0,0.0,108.95714285714283,0.0,0.0,0.0,0.0,0.0,120.0,0.09561,7.89,0.0,100.0,60.0,596.0283118193086,16.5,228.95714285714283,381.3499999999999,381.3499999999999,-381.3499999999999,0.0,0.0
197,2023-01-10T04:00:00Z,100.0,60.0,596.0283118193086,16.5,0.0,0.0,0.0,0.0,113.25714285714282,0.0,0.0,0.0,0.0,0.0,120.0,0.1085999999999999,7.46,0.0,100.0,60.0,593.048170260212,16.5,233.2571428571428,396.39999999999986,396.39999999999986,-396.39999999999986,0.0,0.0
198,2023-01-10T05:00:00Z,100.0,60.0,593.048170260212,16.5,0.0,0.0,0.0,0.0,114.55714285714282,0.0,0.0,0.0,0.0,0.0,1312.8234140260506,0.13813,7.33,0.0,100.0,60.0,590.082929408911,16.499999999999996,1427.3805568831935,400.9499999999999,400.9499999999999,-400.9499999999999,0.0,0.0
199,2023-01-10T06:00:00Z,100.0,60.0,590.082929408911,16.499999999999996,0.0,0.0,0.0,0.0,115.65714285714286,0.0,0.0,0.0,0.0,0.0,1312.8234140260506,0.156,7.22,0.0,100.0,60.0,587.1325147618664,16.5,1428.4805568831935,404.8,404.8,-404.8,0.0,0.0
200,2023-01-10T07:00:00Z,100.0,60.0,587.1325147618664,16.5,0.0,0.0,0.0,0.0,115.95714285714283,0.0,0.0,0.0,0.0,0.0,1312.8234140260506,0.22,7.19,0.0,100.0,60.0,584.1968521880572,16.5,1428.7805568831934,405.8499999999999,405.8499999999999,-405.8499999999999,0.0,0.0
201,2023-01-10T08:00:00Z,100.0,60.0,584.1968521880572,16.5,0.0,0.0,0.0,0.0,115.35714285714282,0.0,0.0,0.0,0.0,0.0,1312.8234140260506,0.222,7.25,0.0,100.0,60.0,581.2758679271169,16.5,1428.1805568831935,403.7499999999999,403.7499999999999,-403.7499999999999,0.0,0.0
202,2023-01-10T09:00:00Z,100.0,60.0,581.2758679271169,16.5,0.0,0.0,0.0,0.0,44.102285714285685,0.0,0.0,0.0,0.0,123.345,610.8706913400001,0.16352,7.65,294.24,100.0,60.0,578.3694885874813,16.5,531.6279770542858,154.3579999999999,389.7499999999999,-154.3579999999999,0.0,0.0
203,2023-01-10T10:00:00Z,100.0,60.0,578.3694885874813,16.5,0.0,0.0,0.0,0.0,70.05542857142855,0.0,0.0,0.0,0.0,65.22999999999999,921.4103389475423,0.1475999999999999,8.03,164.07,100.0,60.0,575.4776411445439,16.5,926.2357675189709,245.19399999999993,376.44999999999993,-245.19399999999993,0.0,0.0
204,2023-01-10T11:00:00Z,100.0,60.0,575.4776411445439,16.5,0.0,0.0,0.0,0.0,43.02228571428567,0.0,0.0,0.0,0.0,113.43499999999999,668.4840622374585,0.14125,8.31,270.09,100.0,60.0,572.6002529388212,16.5,598.0713479517442,150.57799999999986,366.64999999999986,-150.57799999999986,0.0,0.0
205,2023-01-10T12:00:00Z,100.0,60.0,572.6002529388212,16.5,0.0,0.0,0.0,0.0,49.57142857142855,0.0,0.0,0.0,0.0,99.385,742.0574104145854,0.14168,8.36,239.25,100.0,60.0,569.737251674127,16.499999999999996,692.243838986014,173.49999999999991,364.8999999999999,-173.49999999999991,0.0,0.0
206,2023-01-10T13:00:00Z,100.0,60.0,569.737251674127,16.499999999999996,0.0,0.0,0.0,0.0,18.133714285714273,0.0,0.0,0.0,0.0,160.84,418.1104276333905,0.1454099999999999,8.4,375.04,100.0,60.0,566.8885654157564,16.5,275.40414191910475,63.467999999999954,363.5,-63.467999999999954,0.0,0.0
207,2023-01-10T14:00:00Z,100.0,60.0,566.8885654157564,16.5,0.0,0.0,0.0,0.0,80.05885714285712,0.0,0.0,0.0,0.0,42.705,1040.4302591990618,0.14592,8.17,114.18,100.0,60.0,564.0541225886776,16.5,1077.784116341919,280.2059999999999,371.5499999999999,-280.2059999999999,0.0,0.0
208,2023-01-10T15:00:00Z,100.0,60.0,564.0541225886776,16.5,0.0,0.0,0.0,0.0,97.58114285714282,0.0,0.0,0.0,0.0,16.875,1181.565125546624,0.14011,7.77,55.02,100.0,60.0,561.2338519757342,16.5,1262.2712684037667,341.5339999999999,385.5499999999999,-341.5339999999999,0.0,0.0
209,2023-01-10T16:00:00Z,100.0,60.0,561.2338519757342,16.5,0.0,0.0,0.0,0.0,117.75714285714282,0.0,0.0,0.0,0.0,0.0,1312.8234140260506,0.1479,7.01,0.0,100.0,60.0,558.4276827158556,16.5,1430.5805568831934,412.14999999999986,412.14999999999986,-412.14999999999986,0.0,0.0
210,2023-01-10T17:00:00Z,100.0,60.0,558.4276827158556,16.5,0.0,0.0,0.0,0.0,126.85714285714282,0.0,0.0,0.0,0.0,0.0,1312.8234140260506,0.14474,6.1,0.0,100.0,60.0,555.6355443022762,16.5,1439.6805568831935,443.9999999999999,443.9999999999999,-443.9999999999999,0.0,0.0
211,2023-01-10T18:00:00Z,100.0,60.0,555.6355443022762,16.5,0.0,0.0,0.0,0.0,133.15714285714282,0.0,0.0,0.0,0.0,0.0,1312.8234140260506,0.1301,5.47,0.0,100.0,60.0,552.8573665807648,16.499999999999996,1445.9805568831935,466.04999999999984,466.04999999999984,-466.04999999999984,0.0,0.0
212,2023-01-10T19:00:00Z,100.0,60.0,552.8573665807648,16.499999999999996,0.0,0.0,0.0,0.0,135.65714285714287,0.0,0.0,0.0,0.0,0.0,1312.8234140260506,0.12281,5.22,0.0,100.0,60.0,550.093079747861,16.5,1448.4805568831935,474.80000000000007,474.80000000000007,-474.80000000000007,0.0,0.0
213,2023-01-10T20:00:00Z,100.0,60.0,550.093079747861,16.5,0.0,0.0,0.0,0.0,141.95714285714283,0.0,0.0,0.0,0.0,0.0,1312.8234140260506,0.1019,4.59,0.0,100.0,60.0,547.3426143491217,16.5,1454.7805568831934,496.8499999999999,496.8499999999999,-496.8499999999999,0.0,0.0
214,2023-01-10T21:00:00Z,100.0,60.0,547.3426143491217,16.5,0.0,0.0,0.0,0.0,147.95714285714283,0.0,0.0,0.0,0.0,0.0,120.0,0.082,3.99,0.0,100.0,60.0,544.6059012773761,16.5,267.9571428571428,517.8499999999999,517.8499999999999,-517.8499999999999,0.0,0.0
215,2023-01-10T22:00:00Z,100.0,60.0,544.6059012773761,16.5,0.0,0.0,0.0,0.0,142.45714285714283,0.0,0.0,0.0,0.0,0.0,120.0,0.04296,4.54,0.0,100.0,60.0,541.8828717709893,16.5,262.4571428571428,498.5999999999999,498.5999999999999,-498.5999999999999,0.0,0.0
216,2023-01-10T23:00:00Z,100.0,60.0,541.8828717709893,16.5,0.0,0.0,0.0,0.0,138.35714285714283,0.0,0.0,0.0,0.0,0.0,120.0,0.005,4.95,0.0,100.0,60.0,539.1734574121343,16.5,258.35714285714283,484.2499999999999,484.2499999999999,-484.2499999999999,0.0,0.0
217,2023-01-11T00:00:00Z,100.0,60.0,539.1734574121343,16.5,0.0,0.0,0.0,0.0,135.85714285714283,0.0,0.0,0.0,0.0,0.0,120.0,0.0,5.2,0.0,100.0,60.0,536.4775901250737,16.5,255.85714285714283,475.4999999999999,475.4999999999999,-475.4999999999999,0.0,0.0
218,2023-01-11T01:00:00Z,100.0,60.0,536.4775901250737,16.5,0.0,0.0,0.0,0.0,133.95714285714283,0.0,0.0,0.0,0.0,0.0,120.0,-0.00033,5.39,0.0,100.0,60.0,533.7952021744483,16.5,253.95714285714283,468.8499999999999,468.8499999999999,-468.8499999999999,0.0,0.0
219,2023-01-11T02:00:00Z,100.0,60.0,533.7952021744483,16.5,0.0,0.0,0.0,0.0,134.2571428571428,0.0,0.0,0.0,0.0,0.0,120.0,-0.00023,5.36,0.0,100.0,60.0,531.126226163576,16.5,254.2571428571428,469.89999999999986,469.89999999999986,-469.89999999999986,0.0,0.0
220,2023-01-11T03:00:00Z,100.0,60.0,531.126226163576,16.5,0.0,0.0,0.0,0.0,136.7571428571428,0.0,0.0,0.0,0.0,0.0,120.0,0.0,5.11,0.0,100.0,60.0,528.4705950327581,16.5,256.7571428571428,478.64999999999986,478.64999999999986,-478.64999999999986,0.0,0.0
221,2023-01-11T04:00:00Z,100.0,60.0,528.4705950327581,16.5,0.0,0.0,0.0,0.0,136.15714285714282,0.0,0.0,0.0,0.0,0.0,120.0,0.00259,5.17,0.0,100.0,60.0,525.8282420575943,16.499999999999996,256.15714285714284,476.54999999999984,476.54999999999984,-476.54999999999984,0.0,0.0
222,2023-01-11T05:00:00Z,100.0,60.0,525.8282420575943,16.499999999999996,0.0,0.0,0.0,0.0,136.85714285714286,0.0,0.0,0.0,0.0,0.0,1311.1441695007693,0.05731,5.1,0.0,100.0,60.0,523.1991008473062,16.5,1448.0013123579122,479.0,479.0,-479.0,0.0,0.0
223,2023-01-11T06:00:00Z,100.0,60.0,523.1991008473062,16.5,0.0,0.0,0.0,0.0,138.55714285714285,0.0,0.0,0.0,0.0,0.0,1311.1441695007693,0.09111,4.93,0.0,100.0,60.0,520.5831053430697,16.5,1449.7013123579122,484.95,484.95,-484.95,0.0,0.0
224,2023-01-11T07:00:00Z,100.0,60.0,520.5831053430697,16.5,0.0,0.0,0.0,0.0,145.15714285714282,0.0,0.0,0.0,0.0,0.0,1311.1441695007693,0.16358,4.27,0.0,100.0,60.0,517.9801898163544,16.499999999999996,1456.3013123579121,508.04999999999984,508.04999999999984,-508.04999999999984,0.0,0.0
225,2023-01-11T08:00:00Z,100.0,60.0,517.9801898163544,16.499999999999996,0.0,0.0,0.0,0.0,145.05714285714285,0.0,0.0,0.0,0.0,0.0,1311.1441695007693,0.1556,4.28,0.0,100.0,60.0,515.3902888672726,16.499999999999996,1456.2013123579122,507.7,507.7,-507.7,0.0,0.0
226,2023-01-11T09:00:00Z,100.0,60.0,515.3902888672726,16.499999999999996,0.0,0.0,0.0,0.0,128.39828571428572,0.0,0.0,0.0,0.0,20.07999999999995,1165.6578206379454,0.13178,4.55,61.07,100.0,60.0,512.8133374229362,16.5,1273.9761063522312,449.394,498.25,-449.394,0.0,0.0
227,2023-01-11T10:00:00Z,100.0,60.0,512.8133374229362,16.5,0.0,0.0,0.0,0.0,57.71085714285711,0.0,0.0,0.0,0.0,148.82999999999998,492.4946046862807,0.1306,5.16,343.64,100.0,60.0,510.24927073582154,16.5,401.3754618291378,201.9879999999999,476.89999999999986,-201.9879999999999,0.0,0.0
228,2023-01-11T11:00:00Z,100.0,60.0,510.24927073582154,16.5,0.0,0.0,0.0,0.0,64.38228571428569,0.0,0.0,0.0,0.0,122.64499999999995,627.6894679246179,0.11782,5.79,286.89,100.0,60.0,507.6980243821424,16.5,569.4267536389036,225.3379999999999,454.8499999999999,-225.3379999999999,0.0,0.0
229,2023-01-11T12:00:00Z,100.0,60.0,507.6980243821424,16.5,0.0,0.0,0.0,0.0,62.6605714285714,0.0,0.0,0.0,0.0,113.145,675.4067033548187,0.11054,6.42,266.86,100.0,60.0,505.1595342602317,16.5,624.9222747833901,219.3119999999999,432.7999999999999,-219.3119999999999,0.0,0.0
230,2023-01-11T13:00:00Z,100.0,60.0,505.1595342602317,16.5,0.0,0.0,0.0,0.0,83.46114285714282,0.0,0.0,0.0,0.0,62.035,939.102199598899,0.11574,6.87,156.17,100.0,60.0,502.6337365889305,16.5,960.5283424560419,292.11399999999986,417.04999999999984,-292.11399999999986,0.0,0.0
231,2023-01-11T14:00:00Z,100.0,60.0,502.6337365889305,16.5,0.0,0.0,0.0,0.0,109.50628571428568,0.0,0.0,0.0,0.0,8.28999999999995,1234.5297765184798,0.11883,7.1,32.16,100.0,60.0,500.12056790598587,16.5,1335.7460622327656,383.2719999999999,408.9999999999999,-383.2719999999999,0.0,0.0
232,2023-01-11T15:00:00Z,100.0,60.0,500.12056790598587,16.5,0.0,0.0,0.0,0.0,113.65885714285712,0.0,0.0,0.0,0.0,0.015,1297.6127717352406,0.12081,7.29,5.68,100.0,60.0,497.61996506645596,16.5,1411.2566288780977,397.8059999999999,402.3499999999999,-397.8059999999999,0.0,0.0
233,2023-01-11T16:00:00Z,100.0,60.0,497.61996506645596,16.5,0.0,0.0,0.0,0.0,117.25714285714282,0.0,0.0,0.0,0.0,0.0,1311.1441695007693,0.13379,7.06,0.0,100.0,60.0,495.1318652411237,16.5,1428.401312357912,410.39999999999986,410.39999999999986,-410.39999999999986,0.0,0.0
234,2023-01-11T17:00:00Z,100.0,60.0,495.1318652411237,16.5,0.0,0.0,0.0,0.0,117.65714285714283,0.0,0.0,0.0,0.0,0.0,1311.1441695007693,0.13387,7.02,0.0,100.0,60.0,492.6562059149181,16.5,1428.8013123579121,411.7999999999999,411.7999999999999,-411.7999999999999,0.0,0.0
235,2023-01-11T18:00:00Z,100.0,60.0,492.6562059149181,16.5,0.0,0.0,0.0,0.0,117.25714285714282,0.0,0.0,0.0,0.0,0.0,1311.1441695007693,0.1299,7.06,0.0,100.0,60.0,490.1929248853435,16.5,1428.401312357912,410.39999999999986,410.39999999999986,-410.39999999999986,0.0,0.0
236,2023-01-11T19:00:00Z,100.0,60.0,490.1929248853435,16.5,0.0,0.0,0.0,0.0,118.45714285714283,0.0,0.0,0.0,0.0,0.0,1311.1441695007693,0.11853,6.94,0.0,100.0,60.0,487.74196026091676,16.5,1429.601312357912,414.5999999999999,414.5999999999999,-414.5999999999999,0.0,0.0
237,2023-01-11T20:00:00Z,100.0,60.0,487.74196026091676,16.5,0.0,0.0,0.0,0.0,119.55714285714282,0.0,0.0,0.0,0.0,0.0,1311.1441695007693,0.09487,6.83,0.0,100.0,60.0,485.3032504596122,16.499999999999996,1430.7013123579122,418.4499999999999,418.4499999999999,-418.4499999999999,0.0,0.0
238,2023-01-11T21:00:00Z,100.0,60.0,485.3032504596122,16.499999999999996,0.0,0.0,0.0,0.0,119.35714285714286,0.0,0.0,0.0,0.0,0.0,120.0,0.09203,6.85,0.0,100.0,60.0,482.8767342073141,16.5,239.35714285714286,417.75,417.75,-417.75,0.0,0.0
239,2023-01-11T22:00:00Z,100.0,60.0,482.8767342073141,16.5,0.0,0.0,0.0,0.0,118.85714285714282,0.0,0.0,0.0,0.0,0.0,120.0,0.06923,6.9,0.0,100.0,60.0,480.46235053627754,16.5,238.85714285714283,415.9999999999999,415.9999999999999,-415.9999999999999,0.0,0.0
240,2023-01-11T23:00:00Z,100.0,60.0,480.46235053627754,16.5,0.0,0.0,0.0,0.0,120.65714285714283,0.0,0.0,0.0,0.0,0.0,120.0,0.02174,6.72,0.0,100.0,60.0,478.06003878359616,16.5,240.65714285714284,422.2999999999999,422.2999999999999,-422.2999999999999,0.0,0.0
241,2023-01-12T00:00:00Z,100.0,60.0,478.06003878359616,16.5,0.0,0.0,0.0,0.0,124.65714285714282,0.0,0.0,0.0,0.0,0.0,120.0,0.00592,6.32,0.0,100.0,60.0,475.66973858967816,16.5,244.65714285714282,436.29999999999984,436.29999999999984,-436.29999999999984,0.0,0.0
242,2023-01-12T01:00:00Z,100.0,60.0,475.66973858967816,16.5,0.0,0.0,0.0,0.0,128.85714285714283,0.0,0.0,0.0,0.0,0.0,120.0,0.00566,5.9,0.0,100.0,60.0,473.29138989672975,16.5,248.85714285714283,450.9999999999999,450.9999999999999,-450.9999999999999,0.0,0.0
243,2023-01-12T02:00:00Z,100.0,60.0,473.29138989672975,16.5,0.0,0.0,0.0,0.0,131.65714285714282,0.0,0.0,0.0,0.0,0.0,120.0,0.0001,5.62,0.0,100.0,60.0,470.9249329472461,16.5,251.65714285714282,460.79999999999984,460.79999999999984,-460.79999999999984,0.0,0.0
244,2023-01-12T03:00:00Z,100.0,60.0,470.9249329472461,16.5,0.0,0.0,0.0,0.0,133.35714285714283,0.0,0.0,0.0,0.0,0.0,120.0,0.00273,5.45,0.0,100.0,60.0,468.57030828250987,16.5,253.35714285714283,466.7499999999999,466.7499999999999,-466.7499999999999,0.0,0.0
245,2023-01-12T04:00:00Z,100.0,60.0,468.57030828250987,16.5,0.0,0.0,0.0,0.0,134.65714285714282,0.0,0.0,0.0,0.0,0.0,120.0,0.02555,5.32,0.0,100.0,60.0,466.22745674109734,16.5,254.65714285714282,471.29999999999984,471.29999999999984,-471.29999999999984,0.0,0.0
246,2023-01-12T05:00:00Z,100.0,60.0,466.22745674109734,16.5,0.0,0.0,0.0,0.0,135.35714285714283,0.0,0.0,0.0,0.0,0.0,1309.2899959051374,0.08572,5.25,0.0,100.0,60.0,463.8963194573918,16.5,1444.6471387622803,473.7499999999999,473.7499999999999,-473.7499999999999,0.0,0.0
247,2023-01-12T06:00:00Z,100.0,60.0,463.8963194573918,16.5,0.0,0.0,0.0,0.0,135.95714285714283,0.0,0.0,0.0,0.0,0.0,1309.2899959051374,0.11535,5.19,0.0,100.0,60.0,461.5768378601049,16.5,1445.2471387622802,475.8499999999999,475.8499999999999,-475.8499999999999,0.0,0.0
248,2023-01-12T07:00:00Z,100.0,60.0,461.5768378601049,16.5,0.0,0.0,0.0,0.0,130.55714285714282,0.0,0.0,0.0,0.0,0.0,1309.2899959051374,0.1386,5.73,0.0,100.0,60.0,459.26895367080436,16.499999999999996,1439.8471387622803,456.9499999999999,456.9499999999999,-456.9499999999999,0.0,0.0
249,2023-01-12T08:00:00Z,100.0,60.0,459.26895367080436,16.499999999999996,0.0,0.0,0.0,0.0,126.05714285714286,0.0,0.0,0.0,0.0,0.0,1309.2899959051374,0.1566,6.18,0.0,100.0,60.0,456.97260890245036,16.5,1435.3471387622803,441.20000000000005,441.20000000000005,-441.20000000000005,0.0,0.0
250,2023-01-12T09:00:00Z,100.0,60.0,456.97260890245036,16.5,0.0,0.0,0.0,0.0,110.80799999999998,0.0,0.0,0.0,0.0,10.46,1219.2845290150365,0.11,6.84,37.84,100.0,60.0,454.6877458579381,16.5,1319.6325290150364,387.8279999999999,418.0999999999999,-387.8279999999999,0.0,0.0
251,2023-01-12T10:00:00Z,100.0,60.0,454.6877458579381,16.5,0.0,0.0,0.0,0.0,102.94399999999997,0.0,0.0,0.0,0.0,11.895,1210.2934966459939,0.11192,7.54,41.62,100.0,60.0,452.41430712864843,16.5,1301.3424966459938,360.3039999999999,393.5999999999999,-360.3039999999999,0.0,0.0
252,2023-01-12T11:00:00Z,100.0,60.0,452.41430712864843,16.5,0.0,0.0,0.0,0.0,95.36285714285712,0.0,0.0,0.0,0.0,13.719999999999999,1199.0428132847312,0.1067,8.19,46.35,100.0,60.0,450.1522355930052,16.5,1280.6856704275883,333.7699999999999,370.8499999999999,-333.7699999999999,0.0,0.0
253,2023-01-12T12:00:00Z,100.0,60.0,450.1522355930052,16.5,0.0,0.0,0.0,0.0,83.64571428571425,0.0,0.0,0.0,0.0,14.015,1196.7831622925114,0.10287,9.34,47.3,100.0,60.0,447.9014744150401,16.5,1266.4138765782257,292.7599999999999,330.5999999999999,-292.7599999999999,0.0,0.0
254,2023-01-12T13:00:00Z,100.0,60.0,447.9014744150401,16.5,0.0,0.0,0.0,0.0,74.01371428571427,0.0,0.0,0.0,0.0,14.7,1192.2876461079898,0.1102399999999999,10.26,49.19,100.0,60.0,445.66196704296493,16.499999999999996,1251.601360393704,259.04799999999994,298.3999999999999,-259.04799999999994,0.0,0.0
255,2023-01-12T14:00:00Z,100.0,60.0,445.66196704296493,16.499999999999996,0.0,0.0,0.0,0.0,80.30228571428572,0.0,0.0,0.0,0.0,6.115,1246.2814119220832,0.1086599999999999,10.15,26.49,100.0,60.0,443.4336572077501,16.5,1320.468697636369,281.058,302.25,-281.058,0.0,0.0
256,2023-01-12T15:00:00Z,100.0,60.0,443.4336572077501,16.5,0.0,0.0,0.0,0.0,86.41371428571426,0.0,0.0,0.0,0.0,2.105,1275.5379458213497,0.1079099999999999,9.82,14.19,100.0,60.0,441.21648892171135,16.5,1359.846660107064,302.4479999999999,313.7999999999999,-302.4479999999999,0.0,0.0
257,2023-01-12T16:00:00Z,100.0,60.0,441.21648892171135,16.5,0.0,0.0,0.0,0.0,95.45714285714281,0.0,0.0,0.0,0.0,0.0,1309.2899959051374,0.13,9.24,0.0,100.0,60.0,439.0104064771028,16.5,1404.7471387622802,334.09999999999985,334.09999999999985,-334.09999999999985,0.0,0.0
258,2023-01-12T17:00:00Z,100.0,60.0,439.0104064771028,16.5,0.0,0.0,0.0,0.0,99.15714285714283,0.0,0.0,0.0,0.0,0.0,1309.2899959051374,0.1445,8.87,0.0,100.0,60.0,436.8153544447173,16.5,1408.4471387622802,347.0499999999999,347.0499999999999,-347.0499999999999,0.0,0.0
259,2023-01-12T18:00:00Z,100.0,60.0,436.8153544447173,16.5,0.0,0.0,0.0,0.0,101.35714285714282,0.0,0.0,0.0,0.0,0.0,1309.2899959051374,0.13,8.65,0.0,100.0,60.0,434.6312776724937,16.5,1410.6471387622803,354.7499999999999,354.7499999999999,-354.7499999999999,0.0,0.0
260,2023-01-12T19:00:00Z,100.0,60.0,434.6312776724937,16.5,0.0,0.0,0.0,0.0,104.45714285714283,0.0,0.0,0.0,0.0,0.0,1309.2899959051374,0.1311399999999999,8.34,0.0,100.0,60.0,432.4581212841312,16.5,1413.7471387622802,365.5999999999999,365.5999999999999,-365.5999999999999,0.0,0.0
261,2023-01-12T20:00:00Z,100.0,60.0,432.4581212841312,16.5,0.0,0.0,0.0,0.0,108.15714285714283,0.0,0.0,0.0,0.0,0.0,1309.2899959051374,0.086,7.97,0.0,100.0,60.0,430.29583067771057,16.5,1417.4471387622802,378.5499999999999,378.5499999999999,-378.5499999999999,0.0,0.0
262,2023-01-12T21:00:00Z,100.0,60.0,430.29583067771057,16.5,0.0,0.0,0.0,0.0,113.85714285714282,0.0,0.0,0.0,0.0,0.0,120.0,0.0741,7.4,0.0,100.0,60.0,428.144351524322,16.5,233.85714285714283,398.4999999999999,398.4999999999999,-398.4999999999999,0.0,0.0
263,2023-01-12T22:00:00Z,100.0,60.0,428.144351524322,16.5,0.0,0.0,0.0,0.0,119.65714285714282,0.0,0.0,0.0,0.0,0.0,120.0,0.0404099999999999,6.82,0.0,100.0,60.0,426.0036297667004,16.5,239.65714285714282,418.79999999999984,418.79999999999984,-418.79999999999984,0.0,0.0
264,2023-01-12T23:00:00Z,100.0,60.0,426.0036297667004,16.5,0.0,0.0,0.0,0.0,123.45714285714283,0.0,0.0,0.0,0.0,0.0,120.0,0.03292,6.44,0.0,100.0,60.0,423.87361161786686,16.5,243.45714285714283,432.0999999999999,432.0999999999999,-432.0999999999999,0.0,0.0
265,2023-01-13T00:00:00Z,100.0,60.0,423.87361161786686,16.5,0.0,0.0,0.0,0.0,126.75714285714282,0.0,0.0,0.0,0.0,0.0,120.0,0.0172,6.11,0.0,100.0,60.0,421.75424355977754,16.5,246.7571428571428,443.64999999999986,443.64999999999986,-443.64999999999986,0.0,0.0
266,2023-01-13T01:00:00Z,100.0,60.0,421.75424355977754,16.5,0.0,0.0,0.0,0.0,127.35714285714282,0.0,0.0,0.0,0.0,0.0,120.0,0.01043,6.05,0.0,100.0,60.0,419.64547234197863,16.5,247.35714285714283,445.7499999999999,445.7499999999999,-445.7499999999999,0.0,0.0
267,2023-01-13T02:00:00Z,100.0,60.0,419.64547234197863,16.5,0.0,0.0,0.0,0.0,126.85714285714282,0.0,0.0,0.0,0.0,0.0,120.0,0.00265,6.1,0.0,100.0,60.0,417.5472449802687,16.5,246.85714285714283,443.9999999999999,443.9999999999999,-443.9999999999999,0.0,0.0
268,2023-01-13T03:00:00Z,100.0,60.0,417.5472449802687,16.5,0.0,0.0,0.0,0.0,125.85714285714282,0.0,0.0,0.0,0.0,0.0,120.0,0.00335,6.2,0.0,100.0,60.0,415.4595087553674,16.5,245.85714285714283,440.4999999999999,440.4999999999999,-440.4999999999999,0.0,0.0
269,2023-01-13T04:00:00Z,100.0,60.0,415.4595087553674,16.5,0.0,0.0,0.0,0.0,128.15714285714282,0.0,0.0,0.0,0.0,0.0,120.0,0.0257,5.97,0.0,100.0,60.0,413.3822112115905,16.499999999999996,248.15714285714282,448.54999999999984,448.54999999999984,-448.54999999999984,0.0,0.0
270,2023-01-13T05:00:00Z,100.0,60.0,413.3822112115905,16.499999999999996,0.0,0.0,0.0,0.0,130.75714285714284,0.0,0.0,0.0,0.0,0.0,1307.2614419189529,0.0555,5.71,0.0,100.0,60.0,411.31530015553255,16.5,1438.0185847760956,457.6499999999999,457.6499999999999,-457.6499999999999,0.0,0.0
271,2023-01-13T06:00:00Z,100.0,60.0,411.31530015553255,16.5,0.0,0.0,0.0,0.0,133.05714285714282,0.0,0.0,0.0,0.0,0.0,1307.2614419189529,0.08865,5.48,0.0,100.0,60.0,409.2587236547549,16.499999999999996,1440.3185847760956,465.6999999999999,465.6999999999999,-465.6999999999999,0.0,0.0
272,2023-01-13T07:00:00Z,100.0,60.0,409.2587236547549,16.499999999999996,0.0,0.0,0.0,0.0,135.05714285714285,0.0,0.0,0.0,0.0,0.0,1307.2614419189529,0.11243,5.28,0.0,100.0,60.0,407.2124300364811,16.499999999999996,1442.3185847760958,472.7,472.7,-472.7,0.0,0.0
273,2023-01-13T08:00:00Z,100.0,60.0,407.2124300364811,16.499999999999996,0.0,0.0,0.0,0.0,137.85714285714286,0.0,0.0,0.0,0.0,0.0,1307.2614419189529,0.10707,5.0,0.0,100.0,60.0,405.1763678862987,16.5,1445.1185847760958,482.5,482.5,-482.5,0.0,0.0
274,2023-01-13T09:00:00Z,100.0,60.0,405.1763678862987,16.5,0.0,0.0,0.0,0.0,128.32114285714283,0.0,0.0,0.0,0.0,8.01,1233.1288374855335,0.0970999999999999,5.24,31.22,100.0,60.0,403.1504860468672,16.5,1353.4399803426763,449.1239999999999,474.0999999999999,-449.1239999999999,0.0,0.0
275,2023-01-13T10:00:00Z,100.0,60.0,403.1504860468672,16.5,0.0,0.0,0.0,0.0,67.64399999999996,0.0,0.0,0.0,0.0,108.14,697.3177487475101,0.08903,6.15,256.87,100.0,60.0,401.13473361663284,16.5,656.8217487475101,236.75399999999988,442.2499999999999,-236.75399999999988,0.0,0.0
276,2023-01-13T11:00:00Z,100.0,60.0,401.13473361663284,16.5,0.0,0.0,0.0,0.0,0.0,0.0,0.0,0.0,0.0,239.415,357.45228838379063,0.0767699999999999,7.03,548.98,100.0,60.0,399.1290599485497,16.99672835820896,118.03728838379064,0.0,439.1840000000001,0.0,0.0,0.0
277,2023-01-13T12:00:00Z,100.0,60.0,399.1290599485497,16.99672835820896,0.0,0.0,0.0,0.0,77.53471215351809,0.0,0.0,0.0,0.0,49.51,1000.11690689452,0.07024,7.78,129.35,100.0,60.0,397.13341464880693,16.5,1028.1416190480381,271.3714925373133,374.85149253731333,-271.3714925373133,0.0,0.0
278,2023-01-13T13:00:00Z,100.0,60.0,397.13341464880693,16.5,0.0,0.0,0.0,0.0,62.790857142857114,0.0,0.0,0.0,0.0,79.99499999999999,841.1663450504103,0.07423,8.02,196.29,100.0,60.0,395.1477475755629,16.5,823.9622021932674,219.7679999999999,376.7999999999999,-219.7679999999999,0.0,0.0
279,2023-01-13T14:00:00Z,100.0,60.0,395.1477475755629,16.5,0.0,0.0,0.0,0.0,31.75599999999999,0.0,0.0,0.0,0.0,140.945,519.7984179517881,0.0805999999999999,8.03,331.63,100.0,60.0,393.1720088376851,16.5,410.6094179517881,111.14599999999996,376.44999999999993,-111.14599999999996,0.0,0.0
280,2023-01-13T15:00:00Z,100.0,60.0,393.1720088376851,16.5,0.0,0.0,0.0,0.0,102.89085714285709,0.0,0.0,0.0,0.0,9.34,1223.4645293483134,0.08758,7.69,35.29,100.0,60.0,391.20614879349665,16.499999999999996,1317.0153864911706,360.1179999999998,388.3499999999998,-360.1179999999998,0.0,0.0
281,2023-01-13T16:00:00Z,100.0,60.0,391.20614879349665,16.499999999999996,0.0,0.0,0.0,0.0,112.75714285714287,0.0,0.0,0.0,0.0,0.0,1307.2614419189529,0.14183,7.51,0.0,100.0,60.0,389.2501180495292,16.499999999999996,1420.0185847760958,394.65000000000003,394.65000000000003,-394.65000000000003,0.0,0.0
282,2023-01-13T17:00:00Z,100.0,60.0,389.2501180495292,16.499999999999996,0.0,0.0,0.0,0.0,109.35714285714286,0.0,0.0,0.0,0.0,0.0,1307.2614419189529,0.155,7.85,0.0,100.0,60.0,387.30386745928155,16.5,1416.6185847760958,382.75,382.75,-382.75,0.0,0.0
283,2023-01-13T18:00:00Z,100.0,60.0,387.30386745928155,16.5,0.0,0.0,0.0,0.0,105.05714285714284,0.0,0.0,0.0,0.0,0.0,1307.2614419189529,0.1442,8.28,0.0,100.0,60.0,385.3673481219851,16.5,1412.3185847760958,367.69999999999993,367.69999999999993,-367.69999999999993,0.0,0.0
284,2023-01-13T19:00:00Z,100.0,60.0,385.3673481219851,16.5,0.0,0.0,0.0,0.0,101.25714285714282,0.0,0.0,0.0,0.0,0.0,1307.2614419189529,0.1217699999999999,8.66,0.0,100.0,60.0,383.4405113813752,16.5,1408.5185847760956,354.39999999999986,354.39999999999986,-354.39999999999986,0.0,0.0
285,2023-01-13T20:00:00Z,100.0,60.0,383.4405113813752,16.5,0.0,0.0,0.0,0.0,95.25714285714284,0.0,0.0,0.0,0.0,0.0,1307.2614419189529,0.1254,9.26,0.0,100.0,60.0,381.5233088244683,16.499999999999996,1402.5185847760956,333.3999999999999,333.3999999999999,-333.3999999999999,0.0,0.0
286,2023-01-13T21:00:00Z,100.0,60.0,381.5233088244683,16.499999999999996,0.0,0.0,0.0,0.0,88.95714285714284,0.0,0.0,0.0,0.0,0.0,120.0,0.12,9.89,0.0,100.0,60.0,379.61569228034597,16.5,208.95714285714286,311.34999999999997,311.34999999999997,-311.34999999999997,0.0,0.0
287,2023-01-13T22:00:00Z,100.0,60.0,379.61569228034597,16.5,0.0,0.0,0.0,0.0,84.45714285714283,0.0,0.0,0.0,0.0,0.0,120.0,0.09729,10.34,0.0,100.0,60.0,377.71761381894424,16.5,204.45714285714283,295.5999999999999,295.5999999999999,-295.5999999999999,0.0,0.0
288,2023-01-13T23:00:00Z,100.0,60.0,377.71761381894424,16.5,0.0,0.0,0.0,0.0,83.25714285714282,0.0,0.0,0.0,0.0,0.0,120.0,0.135,10.46,0.0,100.0,60.0,375.8290257498495,16.5,203.2571428571428,291.39999999999986,291.39999999999986,-291.39999999999986,0.0,0.0
289,2023-01-14T00:00:00Z,100.0,60.0,375.8290257498495,16.5,0.0,0.0,0.0,0.0,84.05714285714282,0.0,0.0,0.0,0.0,0.0,120.0,0.1172,10.38,0.0,100.0,60.0,373.94988062110025,16.499999999999996,204.05714285714282,294.1999999999999,294.1999999999999,-294.1999999999999,0.0,0.0
290,2023-01-14T01:00:00Z,100.0,60.0,373.94988062110025,16.499999999999996,0.0,0.0,0.0,0.0,86.25714285714285,0.0,0.0,0.0,0.0,0.0,120.0,0.09867,10.16,0.0,100.0,60.0,372.08013121799473,16.5,206.25714285714287,301.9,301.9,-301.9,0.0,0.0
291,2023-01-14T02:00:00Z,100.0,60.0,372.08013121799473,16.5,0.0,0.0,0.0,0.0,87.25714285714282,0.0,0.0,0.0,0.0,0.0,120.0,0.05745,10.06,0.0,100.0,60.0,370.2197305619048,16.5,207.2571428571428,305.39999999999986,305.39999999999986,-305.39999999999986,0.0,0.0
292,2023-01-14T03:00:00Z,100.0,60.0,370.2197305619048,16.5,0.0,0.0,0.0,0.0,91.15714285714283,0.0,0.0,0.0,0.0,0.0,120.0,0.04085,9.67,0.0,100.0,60.0,368.36863190909526,16.5,211.15714285714284,319.0499999999999,319.0499999999999,-319.0499999999999,0.0,0.0
293,2023-01-14T04:00:00Z,100.0,60.0,368.36863190909526,16.5,0.0,0.0,0.0,0.0,93.15714285714282,0.0,0.0,0.0,0.0,0.0,120.0,0.04102,9.47,0.0,100.0,60.0,366.5267887495498,16.5,213.15714285714282,326.04999999999984,326.04999999999984,-326.04999999999984,0.0,0.0
294,2023-01-14T05:00:00Z,100.0,60.0,366.5267887495498,16.5,0.0,0.0,0.0,0.0,94.35714285714282,0.0,0.0,0.0,0.0,0.0,1305.0591078239768,0.0451,9.35,0.0,100.0,60.0,364.69415480580204,16.5,1399.4162506811197,330.2499999999999,330.2499999999999,-330.2499999999999,0.0,0.0
295,2023-01-14T06:00:00Z,100.0,60.0,364.69415480580204,16.5,0.0,0.0,0.0,0.0,95.05714285714284,0.0,0.0,0.0,0.0,0.0,1305.0591078239768,0.0549,9.28,0.0,100.0,60.0,362.870684031773,16.5,1400.1162506811197,332.69999999999993,332.69999999999993,-332.69999999999993,0.0,0.0
296,2023-01-14T07:00:00Z,100.0,60.0,362.870684031773,16.5,0.0,0.0,0.0,0.0,91.15714285714283,0.0,0.0,0.0,0.0,0.0,1305.0591078239768,0.07715,9.67,0.0,100.0,60.0,361.05633061161416,16.5,1396.2162506811196,319.0499999999999,319.0499999999999,-319.0499999999999,0.0,0.0
297,2023-01-14T08:00:00Z,100.0,60.0,361.05633061161416,16.5,0.0,0.0,0.0,0.0,79.7022857142857,0.0,0.0,0.0,0.0,16.52499999999995,1171.7636593759357,0.1001,9.53,56.24,100.0,60.0,359.2510489585561,16.5,1234.9409450902215,278.9579999999999,323.94999999999993,-278.9579999999999,0.0,0.0
298,2023-01-14T09:00:00Z,100.0,60.0,359.2510489585561,16.5,0.0,0.0,0.0,0.0,70.12342857142855,0.0,0.0,0.0,0.0,35.14,1073.474856973015,0.09673,9.54,97.71,100.0,60.0,357.4547937137633,16.5,1108.4582855444435,245.4319999999999,323.5999999999999,-245.4319999999999,0.0,0.0
299,2023-01-14T10:00:00Z,100.0,60.0,357.4547937137633,16.5,0.0,0.0,0.0,0.0,34.32342857142854,0.0,0.0,0.0,0.0,101.17,725.0674792727659,0.0992,9.76,244.71,100.0,60.0,355.6675197451945,16.499999999999996,658.2209078441945,120.1319999999999,315.8999999999999,-120.1319999999999,0.0,0.0
300,2023-01-14T11:00:00Z,100.0,60.0,355.6675197451945,16.499999999999996,0.0,0.0,0.0,0.0,52.569142857142865,0.0,0.0,0.0,0.0,58.235,949.5176742946271,0.10497,10.1,150.01,100.0,60.0,353.88918214646856,16.5,943.85181715177,183.99200000000002,304.0,-183.99200000000002,0.0,0.0
301,2023-01-14T12:00:00Z,100.0,60.0,353.88918214646856,16.5,0.0,0.0,0.0,0.0,73.74399999999996,0.0,0.0,0.0,0.0,11.709999999999999,1206.4147876887089,0.09386,10.46,41.62,100.0,60.0,352.1197362357362,16.5,1268.4487876887088,258.10399999999987,291.39999999999986,-258.10399999999987,0.0,0.0
302,2023-01-14T13:00:00Z,100.0,60.0,352.1197362357362,16.5,0.0,0.0,0.0,0.0,79.74971428571426,0.0,0.0,0.0,0.0,3.25,1262.468083488783,0.0938499999999999,10.4,17.97,100.0,60.0,350.3591375545575,16.5,1338.967797774497,279.1239999999999,293.4999999999999,-279.1239999999999,0.0,0.0
303,2023-01-14T14:00:00Z,100.0,60.0,350.3591375545575,16.5,0.0,0.0,0.0,0.0,80.08171428571426,0.0,0.0,0.0,0.0,2.66,1266.9476069163575,0.1,10.41,16.08,100.0,60.0,348.6073418667847,16.5,1344.3693212020717,280.2859999999999,293.14999999999986,-280.2859999999999,0.0,0.0
304,2023-01-14T15:00:00Z,100.0,60.0,348.6073418667847,16.5,0.0,0.0,0.0,0.0,73.78228571428569,0.0,0.0,0.0,0.0,9.06,1222.3656832800195,0.1,10.61,34.89,100.0,60.0,346.86430515745076,16.499999999999996,1287.0879689943054,258.23799999999994,286.1499999999999,-258.23799999999994,0.0,0.0
305,2023-01-14T16:00:00Z,100.0,60.0,346.86430515745076,16.499999999999996,0.0,0.0,0.0,0.0,78.75714285714285,0.0,0.0,0.0,0.0,0.0,1305.0591078239768,0.13426,10.91,0.0,100.0,60.0,345.1299836316635,16.5,1383.8162506811195,275.65,275.65,-275.65,0.0,0.0
306,2023-01-14T17:00:00Z,100.0,60.0,345.1299836316635,16.5,0.0,0.0,0.0,0.0,74.05714285714282,0.0,0.0,0.0,0.0,0.0,1305.0591078239768,0.1442,11.38,0.0,100.0,60.0,343.4043337135052,16.499999999999996,1379.1162506811197,259.1999999999999,259.1999999999999,-259.1999999999999,0.0,0.0
307,2023-01-14T18:00:00Z,100.0,60.0,343.4043337135052,16.499999999999996,0.0,0.0,0.0,0.0,70.25714285714287,0.0,0.0,0.0,0.0,0.0,1305.0591078239768,0.127,11.76,0.0,100.0,60.0,341.68731204493764,16.499999999999996,1375.3162506811195,245.90000000000003,245.90000000000003,-245.90000000000003,0.0,0.0
308,2023-01-14T19:00:00Z,100.0,60.0,341.68731204493764,16.499999999999996,0.0,0.0,0.0,0.0,69.85714285714286,0.0,0.0,0.0,0.0,0.0,1305.0591078239768,0.14351,11.8,0.0,100.0,60.0,339.97887548471294,16.5,1374.9162506811197,244.5,244.5,-244.5,0.0,0.0
309,2023-01-14T20:00:00Z,100.0,60.0,339.97887548471294,16.5,0.0,0.0,0.0,0.0,69.85714285714282,0.0,0.0,0.0,0.0,0.0,1305.0591078239768,0.09937,11.8,0.0,100.0,60.0,338.2789811072894,16.5,1374.9162506811197,244.49999999999986,244.49999999999986,-244.49999999999986,0.0,0.0
310,2023-01-14T21:00:00Z,100.0,60.0,338.2789811072894,16.5,0.0,0.0,0.0,0.0,69.45714285714283,0.0,0.0,0.0,0.0,0.0,120.0,0.09342,11.84,0.0,100.0,60.0,336.5875862017529,16.5,189.45714285714283,243.0999999999999,243.0999999999999,-243.0999999999999,0.0,0.0
311,2023-01-14T22:00:00Z,100.0,60.0,336.5875862017529,16.5,0.0,0.0,0.0,0.0,69.15714285714283,0.0,0.0,0.0,0.0,0.0,120.0,0.0691,11.87,0.0,100.0,60.0,334.90464827074413,16.5,189.15714285714284,242.0499999999999,242.0499999999999,-242.0499999999999,0.0,0.0
312,2023-01-14T23:00:00Z,100.0,60.0,334.90464827074413,16.5,0.0,0.0,0.0,0.0,69.85714285714282,0.0,0.0,0.0,0.0,0.0,120.0,0.06001,11.8,0.0,100.0,60.0,333.2301250293904,16.5,189.85714285714283,244.49999999999986,244.49999999999986,-244.49999999999986,0.0,0.0
313,2023-01-15T00:00:00Z,100.0,60.0,333.2301250293904,16.5,0.0,0.0,0.0,0.0,70.55714285714282,0.0,0.0,0.0,0.0,0.0,120.0,0.0294,11.73,0.0,100.0,60.0,331.5639744042435,16.499999999999996,190.55714285714282,246.94999999999987,246.94999999999987,-246.94999999999987,0.0,0.0
314,2023-01-15T01:00:00Z,100.0,60.0,331.5639744042435,16.499999999999996,0.0,0.0,0.0,0.0,72.75714285714287,0.0,0.0,0.0,0.0,0.0,120.0,0.02793,11.51,0.0,100.0,60.0,329.9061545322223,16.499999999999996,192.75714285714287,254.65000000000003,254.65000000000003,-254.65000000000003,0.0,0.0
315,2023-01-15T02:00:00Z,100.0,60.0,329.9061545322223,16.499999999999996,0.0,0.0,0.0,0.0,76.95714285714287,0.0,0.0,0.0,0.0,0.0,120.0,0.00694,11.09,0.0,100.0,60.0,328.25662375956114,16.5,196.95714285714286,269.35,269.35,-269.35,0.0,0.0
316,2023-01-15T03:00:00Z,100.0,60.0,328.25662375956114,16.5,0.0,0.0,0.0,0.0,82.05714285714282,0.0,0.0,0.0,0.0,0.0,120.0,0.00293,10.58,0.0,100.0,60.0,326.61534064076335,16.499999999999996,202.05714285714282,287.1999999999999,287.1999999999999,-287.1999999999999,0.0,0.0
317,2023-01-15T04:00:00Z,100.0,60.0,326.61534064076335,16.499999999999996,0.0,0.0,0.0,0.0,85.15714285714286,0.0,0.0,0.0,0.0,0.0,120.0,0.00405,10.27,0.0,100.0,60.0,324.98226393755954,16.5,205.15714285714284,298.05,298.05,-298.05,0.0,0.0
318,2023-01-15T05:00:00Z,100.0,60.0,324.98226393755954,16.5,0.0,0.0,0.0,0.0,87.15714285714283,0.0,0.0,0.0,0.0,0.0,1302.6836453262993,0.00158,10.07,0.0,100.0,60.0,323.35735261787175,16.5,1389.840788183442,305.0499999999999,305.0499999999999,-305.0499999999999,0.0,0.0
319,2023-01-15T06:00:00Z,100.0,60.0,323.35735261787175,16.5,0.0,0.0,0.0,0.0,87.45714285714283,0.0,0.0,0.0,0.0,0.0,1302.6836453262993,0.00181,10.04,0.0,100.0,60.0,321.7405658547824,16.5,1390.140788183442,306.0999999999999,306.0999999999999,-306.0999999999999,0.0,0.0
320,2023-01-15T07:00:00Z,100.0,60.0,321.7405658547824,16.5,0.0,0.0,0.0,0.0,79.85714285714282,0.0,0.0,0.0,0.0,0.0,1302.6836453262993,0.0112,10.8,0.0,100.0,60.0,320.1318630255085,16.5,1382.5407881834421,279.4999999999999,279.4999999999999,-279.4999999999999,0.0,0.0
321,2023-01-15T08:00:00Z,100.0,60.0,320.1318630255085,16.5,0.0,0.0,0.0,0.0,80.52514285714282,0.0,0.0,0.0,0.0,0.0,1298.2131011469658,0.0373999999999999,10.69,1.89,100.0,60.0,318.53120371038096,16.5,1378.7382440041085,281.8379999999999,283.3499999999999,-281.8379999999999,0.0,0.0
322,2023-01-15T09:00:00Z,100.0,60.0,318.53120371038096,16.5,0.0,0.0,0.0,0.0,72.82514285714282,0.0,0.0,0.0,0.0,9.9,1215.425245974125,0.03886,10.66,36.89,100.0,60.0,316.93854769182906,16.5,1278.3503888312675,254.88799999999986,284.39999999999986,-254.88799999999986,0.0,0.0
323,2023-01-15T10:00:00Z,100.0,60.0,316.93854769182906,16.5,0.0,0.0,0.0,0.0,71.40628571428567,0.0,0.0,0.0,0.0,8.125,1226.6134332589118,0.0749,10.91,32.16,100.0,60.0,315.35385495336993,16.5,1289.8947189731975,249.92199999999985,275.64999999999986,-249.92199999999985,0.0,0.0
324,2023-01-15T11:00:00Z,100.0,60.0,315.35385495336993,16.5,0.0,0.0,0.0,0.0,68.67199999999995,0.0,0.0,0.0,0.0,8.815,1222.1192354066718,0.08,11.14,34.06,100.0,60.0,313.7770856786031,16.5,1281.9762354066718,240.35199999999983,267.59999999999985,-240.35199999999983,0.0,0.0
325,2023-01-15T12:00:00Z,100.0,60.0,313.7770856786031,16.5,0.0,0.0,0.0,0.0,67.39485714285713,0.0,0.0,0.0,0.0,12.78,1197.519415583885,0.06501,11.03,44.46,100.0,60.0,312.2082002502101,16.5,1252.134272726742,235.88199999999998,271.45,-235.88199999999998,0.0,0.0
326,2023-01-15T13:00:00Z,100.0,60.0,312.2082002502101,16.5,0.0,0.0,0.0,0.0,75.12685714285712,0.0,0.0,0.0,0.0,12.09,1201.9899597632182,0.08015,10.3,42.57,100.0,60.0,310.64715924895904,16.5,1265.0268169060753,262.9439999999999,296.9999999999999,-262.9439999999999,0.0,0.0
327,2023-01-15T14:00:00Z,100.0,60.0,310.64715924895904,16.5,0.0,0.0,0.0,0.0,76.61371428571427,0.0,0.0,0.0,0.0,14.715,1186.3312282990978,0.08602,10.0,49.19,100.0,60.0,309.09392345271425,16.5,1248.229942584812,268.1479999999999,307.4999999999999,-268.1479999999999,0.0,0.0
328,2023-01-15T15:00:00Z,100.0,60.0,309.09392345271425,16.5,0.0,0.0,0.0,0.0,90.38171428571425,0.0,0.0,0.0,0.0,2.68,1264.6485392926056,0.095,9.38,16.08,100.0,60.0,307.5484538354507,16.499999999999996,1352.3502535783198,316.3359999999999,329.1999999999999,-316.3359999999999,0.0,0.0
329,2023-01-15T16:00:00Z,100.0,60.0,307.5484538354507,16.499999999999996,0.0,0.0,0.0,0.0,104.85714285714286,0.0,0.0,0.0,0.0,0.0,1302.6836453262993,0.13964,8.3,0.0,100.0,60.0,306.0107115662734,16.5,1407.5407881834421,367.0,367.0,-367.0,0.0,0.0
330,2023-01-15T17:00:00Z,100.0,60.0,306.0107115662734,16.5,0.0,0.0,0.0,0.0,110.85714285714282,0.0,0.0,0.0,0.0,0.0,1302.6836453262993,0.1746,7.7,0.0,100.0,60.0,304.48065800844205,16.5,1413.5407881834421,387.9999999999999,387.9999999999999,-387.9999999999999,0.0,0.0
331,2023-01-15T18:00:00Z,100.0,60.0,304.48065800844205,16.5,0.0,0.0,0.0,0.0,112.35714285714282,0.0,0.0,0.0,0.0,0.0,1302.6836453262993,0.1977,7.55,0.0,100.0,60.0,302.9582547183998,16.5,1415.0407881834421,393.2499999999999,393.2499999999999,-393.2499999999999,0.0,0.0
332,2023-01-15T19:00:00Z,100.0,60.0,302.9582547183998,16.5,0.0,0.0,0.0,0.0,119.25714285714282,0.0,0.0,0.0,0.0,0.0,1302.6836453262993,0.1999,6.86,0.0,100.0,60.0,301.44346344480783,16.5,1421.940788183442,417.39999999999986,417.39999999999986,-417.39999999999986,0.0,0.0
333,2023-01-15T20:00:00Z,100.0,60.0,301.44346344480783,16.5,0.0,0.0,0.0,0.0,120.15714285714283,0.0,0.0,0.0,0.0,0.0,1302.6836453262993,0.16834,6.77,0.0,100.0,60.0,299.9362461275838,16.5,1422.840788183442,420.5499999999999,420.5499999999999,-420.5499999999999,0.0,0.0
334,2023-01-15T21:00:00Z,100.0,60.0,299.9362461275838,16.5,0.0,0.0,0.0,0.0,120.25714285714282,0.0,0.0,0.0,0.0,0.0,120.0,0.16,6.76,0.0,100.0,60.0,298.43656489694587,16.5,240.2571428571428,420.89999999999986,420.89999999999986,-420.89999999999986,0.0,0.0
335,2023-01-15T22:00:00Z,100.0,60.0,298.43656489694587,16.5,0.0,0.0,0.0,0.0,120.35714285714282,0.0,0.0,0.0,0.0,0.0,120.0,0.133,6.75,0.0,100.0,60.0,296.9443820724611,16.5,240.35714285714283,421.2499999999999,421.2499999999999,-421.2499999999999,0.0,0.0
