operating_step,adapter,decision_status,solver_success,solver_return_status,solver_iterations,solver_wall_seconds,forecast_start_utc,forecast_end_utc,terminal_electric_value_eur_per_kwh,terminal_heat_value_eur_per_kwhth
0,mpc,success,true,Solve_Succeeded,27,0.020516125,2023-01-01T23:00:00Z,2023-01-02T23:00:00Z,0.13108250000000002,0.037452142857142864
1,mpc,success,true,Solve_Succeeded,20,0.014802708,2023-01-02T00:00:00Z,2023-01-03T00:00:00Z,0.13192041666666668,0.037691547619047625
2,mpc,success,true,Solve_Succeeded,20,0.014697792,2023-01-02T01:00:00Z,2023-01-03T01:00:00Z,0.13296624999999998,0.03799035714285714
3,mpc,success,true,Solve_Succeeded,20,0.014481334,2023-01-02T02:00:00Z,2023-01-03T02:00:00Z,0.13570916666666666,0.03877404761904762
4,mpc,success,true,Solve_Succeeded,20,0.014490083,2023-01-02T03:00:00Z,2023-01-03T03:00:00Z,0.13866083333333334,0.03961738095238095
5,mpc,success,true,Solve_Succeeded,20,0.014469333,2023-01-02T04:00:00Z,2023-01-03T04:00:00Z,0.14130875,0.040373928571428574
6,mpc,success,true,Solve_Succeeded,19,0.013696583,2023-01-02T05:00:00Z,2023-01-03T05:00:00Z,0.14294125,0.040840357142857144
7,mpc,success,true,Solve_Succeeded,19,0.0138605,2023-01-02T06:00:00Z,2023-01-03T06:00:00Z,0.14435125,0.04124321428571428
8,mpc,success,true,Solve_Succeeded,20,0.014756417,2023-01-02T07:00:00Z,2023-01-03T07:00:00Z,0.14515458333333334,0.0414727380952381
9,mpc,success,true,Solve_Succeeded,22,0.015743125,2023-01-02T08:00:00Z,2023-01-03T08:00:00Z,0.145435,0.04155285714285715
10,mpc,success,true,Solve_Succeeded,18,0.013001917,2023-01-02T09:00:00Z,2023-01-03T09:00:00Z,0.1450675,0.04144785714285714
11,mpc,success,true,Solve_Succeeded,20,0.014371458,2023-01-02T10:00:00Z,2023-01-03T10:00:00Z,0.14602416666666665,0.041721190476190474
12,mpc,success,true,Solve_Succeeded,23,0.016441792,2023-01-02T11:00:00Z,2023-01-03T11:00:00Z,0.14711333333333332,0.042032380952380946
13,mpc,success,true,Solve_Succeeded,21,0.015374459,2023-01-02T12:00:00Z,2023-01-03T12:00:00Z,0.14795166666666668,0.04227190476190477
14,mpc,success,true,Solve_Succeeded,21,0.015389042,2023-01-02T13:00:00Z,2023-01-03T13:00:00Z,0.14866624999999997,0.04247607142857142
15,mpc,success,true,Solve_Succeeded,20,0.016035792,2023-01-02T14:00:00Z,2023-01-03T14:00:00Z,0.14928541666666667,0.04265297619047619
16,mpc,success,true,Solve_Succeeded,20,0.0175955,2023-01-02T15:00:00Z,2023-01-03T15:00:00Z,0.1497625,0.04278928571428571
17,mpc,success,true,Solve_Succeeded,21,0.01868225,2023-01-02T16:00:00Z,2023-01-03T16:00:00Z,0.14986958333333333,0.04281988095238095
18,mpc,success,true,Solve_Succeeded,21,0.0172155,2023-01-02T17:00:00Z,2023-01-03T17:00:00Z,0.14925041666666664,0.04264297619047618
19,mpc,success,true,Solve_Succeeded,21,0.016201708,2023-01-02T18:00:00Z,2023-01-03T18:00:00Z,0.14900916666666666,0.042574047619047616
20,mpc,success,true,Solve_Succeeded,17,0.012746292,2023-01-02T19:00:00Z,2023-01-03T19:00:00Z,0.14863791666666668,0.042467976190476195
21,mpc,success,true,Solve_Succeeded,17,0.013123875,2023-01-02T20:00:00Z,2023-01-03T20:00:00Z,0.14849708333333334,0.042427738095238095
22,mpc,success,true,Solve_Succeeded,19,0.0139935,2023-01-02T21:00:00Z,2023-01-03T21:00:00Z,0.14803708333333332,0.04229630952380952
23,mpc,success,true,Solve_Succeeded,19,0.014186709,2023-01-02T22:00:00Z,2023-01-03T22:00:00Z,0.14718333333333333,0.04205238095238095
24,mpc,success,true,Solve_Succeeded,19,0.014511,2023-01-02T23:00:00Z,2023-01-03T23:00:00Z,0.14586083333333333,0.04167452380952381
25,mpc,success,true,Solve_Succeeded,19,0.014548083,2023-01-03T00:00:00Z,2023-01-04T00:00:00Z,0.14378,0.04108
26,mpc,success,true,Solve_Succeeded,19,0.014095625,2023-01-03T01:00:00Z,2023-01-04T01:00:00Z,0.14163166666666666,0.040466190476190475
27,mpc,success,true,Solve_Succeeded,19,0.014448125,2023-01-03T02:00:00Z,2023-01-04T02:00:00Z,0.13826333333333332,0.03950380952380952
28,mpc,success,true,Solve_Succeeded,24,0.017360042,2023-01-03T03:00:00Z,2023-01-04T03:00:00Z,0.13347166666666666,0.0381347619047619
29,mpc,success,true,Solve_Succeeded,22,0.016006375,2023-01-03T04:00:00Z,2023-01-04T04:00:00Z,0.12873708333333334,0.03678202380952381
30,mpc,success,true,Solve_Succeeded,20,0.014532625,2023-01-03T05:00:00Z,2023-01-04T05:00:00Z,0.12415624999999998,0.03547321428571428
31,mpc,success,true,Solve_Succeeded,20,0.014758167,2023-01-03T06:00:00Z,2023-01-04T06:00:00Z,0.12065541666666664,0.034472976190476186
32,mpc,success,true,Solve_Succeeded,20,0.014386042,2023-01-03T07:00:00Z,2023-01-04T07:00:00Z,0.11754708333333334,0.033584880952380956
33,mpc,success,true,Solve_Succeeded,19,0.013832916,2023-01-03T08:00:00Z,2023-01-04T08:00:00Z,0.11674833333333333,0.033356666666666666
34,mpc,success,true,Solve_Succeeded,17,0.013151209,2023-01-03T09:00:00Z,2023-01-04T09:00:00Z,0.11569916666666664,0.03305690476190475
35,mpc,success,true,Solve_Succeeded,16,0.012751917,2023-01-03T10:00:00Z,2023-01-04T10:00:00Z,0.11414166666666666,0.03261190476190476
36,mpc,success,true,Solve_Succeeded,15,0.011762834,2023-01-03T11:00:00Z,2023-01-04T11:00:00Z,0.11251833333333333,0.03214809523809524
37,mpc,success,true,Solve_Succeeded,15,0.012278,2023-01-03T12:00:00Z,2023-01-04T12:00:00Z,0.11099208333333332,0.03171202380952381
38,mpc,success,true,Solve_Succeeded,19,0.014617166,2023-01-03T13:00:00Z,2023-01-04T13:00:00Z,0.10924916666666666,0.031214047619047617
39,mpc,success,true,Solve_Succeeded,17,0.013829125,2023-01-03T14:00:00Z,2023-01-04T14:00:00Z,0.10731124999999998,0.03066035714285714
40,mpc,success,true,Solve_Succeeded,17,0.013308333,2023-01-03T15:00:00Z,2023-01-04T15:00:00Z,0.10569458333333333,0.030198452380952378
41,mpc,success,true,Solve_Succeeded,17,0.013460291,2023-01-03T16:00:00Z,2023-01-04T16:00:00Z,0.10422291666666665,0.029777976190476185
42,mpc,success,true,Solve_Succeeded,26,0.020375583,2023-01-03T17:00:00Z,2023-01-04T17:00:00Z,0.10336374999999998,0.029532499999999993
43,mpc,success,true,Solve_Succeeded,27,0.021143375,2023-01-03T18:00:00Z,2023-01-04T18:00:00Z,0.10205333333333333,0.029158095238095236
44,mpc,success,true,Solve_Succeeded,27,0.020959042,2023-01-03T19:00:00Z,2023-01-04T19:00:00Z,0.10074083333333332,0.028783095238095236
45,mpc,success,true,Solve_Succeeded,25,0.019075583,2023-01-03T20:00:00Z,2023-01-04T20:00:00Z,0.09960666666666666,0.028459047619047616
46,mpc,success,true,Solve_Succeeded,24,0.01838275,2023-01-03T21:00:00Z,2023-01-04T21:00:00Z,0.09955499999999999,0.02844428571428571
47,mpc,success,true,Solve_Succeeded,23,0.0191495,2023-01-03T22:00:00Z,2023-01-04T22:00:00Z,0.09932749999999997,0.028379285714285708
48,mpc,success,true,Solve_Succeeded,23,0.020277125,2023-01-03T23:00:00Z,2023-01-04T23:00:00Z,0.0998908333333333,0.028540238095238087
49,mpc,success,true,Solve_Succeeded,23,0.017384083,2023-01-04T00:00:00Z,2023-01-05T00:00:00Z,0.09677958333333332,0.02765130952380952
50,mpc,success,true,Solve_Succeeded,23,0.01792825,2023-01-04T01:00:00Z,2023-01-05T01:00:00Z,0.09407916666666666,0.026879761904761903
51,mpc,success,true,Solve_Succeeded,22,0.016394208,2023-01-04T02:00:00Z,2023-01-05T02:00:00Z,0.09270333333333332,0.026486666666666662
52,mpc,success,true,Solve_Succeeded,22,0.0162685,2023-01-04T03:00:00Z,2023-01-05T03:00:00Z,0.09270333333333332,0.026486666666666662
53,mpc,success,true,Solve_Succeeded,25,0.018075084,2023-01-04T04:00:00Z,2023-01-05T04:00:00Z,0.09298958333333333,0.02656845238095238
54,mpc,success,true,Solve_Succeeded,20,0.014336292,2023-01-04T05:00:00Z,2023-01-05T05:00:00Z,0.09340583333333331,0.026687380952380945
55,mpc,success,true,Solve_Succeeded,23,0.016515709,2023-01-04T06:00:00Z,2023-01-05T06:00:00Z,0.09394333333333332,0.02684095238095238
56,mpc,success,true,Solve_Succeeded,25,0.019457375,2023-01-04T07:00:00Z,2023-01-05T07:00:00Z,0.09538416666666666,0.027252619047619046
57,mpc,success,true,Solve_Succeeded,21,0.01510225,2023-01-04T08:00:00Z,2023-01-05T08:00:00Z,0.09659249999999998,0.02759785714285714
58,mpc,success,true,Solve_Succeeded,21,0.014981542,2023-01-04T09:00:00Z,2023-01-05T09:00:00Z,0.09763583333333331,0.027895952380952375
59,mpc,success,true,Solve_Succeeded,21,0.01502575,2023-01-04T10:00:00Z,2023-01-05T10:00:00Z,0.09923083333333332,0.028351666666666664
60,mpc,success,true,Solve_Succeeded,21,0.014952375,2023-01-04T11:00:00Z,2023-01-05T11:00:00Z,0.10020874999999997,0.02863107142857142
61,mpc,success,true,Solve_Succeeded,18,0.012853167,2023-01-04T12:00:00Z,2023-01-05T12:00:00Z,0.10096416666666665,0.028846904761904758
62,mpc,success,true,Solve_Succeeded,18,0.012976583,2023-01-04T13:00:00Z,2023-01-05T13:00:00Z,0.10204833333333331,0.02915666666666666
63,mpc,success,true,Solve_Succeeded,21,0.014914666,2023-01-04T14:00:00Z,2023-01-05T14:00:00Z,0.103485,0.029567142857142854
64,mpc,success,true,Solve_Succeeded,19,0.013590541,2023-01-04T15:00:00Z,2023-01-05T15:00:00Z,0.10479708333333332,0.029942023809523804
65,mpc,success,true,Solve_Succeeded,23,0.016361334,2023-01-04T16:00:00Z,2023-01-05T16:00:00Z,0.10652541666666665,0.03043583333333333
66,mpc,success,true,Solve_Succeeded,23,0.016323834,2023-01-04T17:00:00Z,2023-01-05T17:00:00Z,0.10952124999999997,0.03129178571428571
67,mpc,success,true,Solve_Succeeded,20,0.014367042,2023-01-04T18:00:00Z,2023-01-05T18:00:00Z,0.11190333333333331,0.03197238095238095
68,mpc,success,true,Solve_Succeeded,21,0.015012334,2023-01-04T19:00:00Z,2023-01-05T19:00:00Z,0.11392374999999999,0.03254964285714285
69,mpc,success,true,Solve_Succeeded,20,0.014231292,2023-01-04T20:00:00Z,2023-01-05T20:00:00Z,0.11565666666666664,0.033044761904761896
70,mpc,success,true,Solve_Succeeded,21,0.015656625,2023-01-04T21:00:00Z,2023-01-05T21:00:00Z,0.11659874999999997,0.033313928571428564
71,mpc,success,true,Solve_Succeeded,22,0.015990209,2023-01-04T22:00:00Z,2023-01-05T22:00:00Z,0.11808541666666665,0.03373869047619047
72,mpc,success,true,Solve_Succeeded,18,0.014190709,2023-01-04T23:00:00Z,2023-01-05T23:00:00Z,0.11896041666666667,0.03398869047619048
73,mpc,success,true,Solve_Succeeded,20,0.015971125,2023-01-05T00:00:00Z,2023-01-06T00:00:00Z,0.12320249999999999,0.03520071428571429
74,mpc,success,true,Solve_Succeeded,22,0.016703042,2023-01-05T01:00:00Z,2023-01-06T01:00:00Z,0.12726375,0.03636107142857143
75,mpc,success,true,Solve_Succeeded,20,0.017393625,2023-01-05T02:00:00Z,2023-01-06T02:00:00Z,0.13109,0.03745428571428572
76,mpc,success,true,Solve_Succeeded,22,0.018397416,2023-01-05T03:00:00Z,2023-01-06T03:00:00Z,0.13448249999999998,0.038423571428571425
77,mpc,success,true,Solve_Succeeded,20,0.01616775,2023-01-05T04:00:00Z,2023-01-06T04:00:00Z,0.13729833333333333,0.039228095238095236
78,mpc,success,true,Solve_Succeeded,17,0.013857542,2023-01-05T05:00:00Z,2023-01-06T05:00:00Z,0.13988166666666665,0.039966190476190475
79,mpc,success,true,Solve_Succeeded,21,0.016135125,2023-01-05T06:00:00Z,2023-01-06T06:00:00Z,0.14109375,0.040312499999999994
80,mpc,success,true,Solve_Succeeded,21,0.0161455,2023-01-05T07:00:00Z,2023-01-06T07:00:00Z,0.1405570833333333,0.040159166666666656
81,mpc,success,true,Solve_Succeeded,19,0.01590825,2023-01-05T08:00:00Z,2023-01-06T08:00:00Z,0.13822125,0.03949178571428571
82,mpc,success,true,Solve_Succeeded,21,0.017847,2023-01-05T09:00:00Z,2023-01-06T09:00:00Z,0.13802791666666667,0.03943654761904762
83,mpc,success,true,Solve_Succeeded,19,0.015831584,2023-01-05T10:00:00Z,2023-01-06T10:00:00Z,0.13856666666666664,0.03959047619047618
84,mpc,success,true,Solve_Succeeded,16,0.013743917,2023-01-05T11:00:00Z,2023-01-06T11:00:00Z,0.1389695833333333,0.039705595238095234
85,mpc,success,true,Solve_Succeeded,19,0.016501791,2023-01-05T12:00:00Z,2023-01-06T12:00:00Z,0.13872791666666665,0.03963654761904761
86,mpc,success,true,Solve_Succeeded,21,0.016351459,2023-01-05T13:00:00Z,2023-01-06T13:00:00Z,0.1383070833333333,0.039516309523809516
87,mpc,success,true,Solve_Succeeded,20,0.017777792,2023-01-05T14:00:00Z,2023-01-06T14:00:00Z,0.13859749999999998,0.03959928571428571
88,mpc,success,true,Solve_Succeeded,32,0.027701875,2023-01-05T15:00:00Z,2023-01-06T15:00:00Z,0.1390525,0.03972928571428571
89,mpc,success,true,Solve_Succeeded,31,0.0249555,2023-01-05T16:00:00Z,2023-01-06T16:00:00Z,0.13769291666666664,0.039340833333333325
90,mpc,success,true,Solve_Succeeded,41,0.031388084,2023-01-05T17:00:00Z,2023-01-06T17:00:00Z,0.13493583333333334,0.03855309523809524
91,mpc,success,true,Solve_Succeeded,23,0.017358291,2023-01-05T18:00:00Z,2023-01-06T18:00:00Z,0.13363708333333332,0.038182023809523805
92,mpc,success,true,Solve_Succeeded,26,0.019645125,2023-01-05T19:00:00Z,2023-01-06T19:00:00Z,0.13233541666666665,0.037810119047619044
93,mpc,success,true,Solve_Succeeded,29,0.022018625,2023-01-05T20:00:00Z,2023-01-06T20:00:00Z,0.13131041666666665,0.0375172619047619
94,mpc,success,true,Solve_Succeeded,36,0.026533,2023-01-05T21:00:00Z,2023-01-06T21:00:00Z,0.13047041666666667,0.0372772619047619
95,mpc,success,true,Solve_Succeeded,34,0.024234125,2023-01-05T22:00:00Z,2023-01-06T22:00:00Z,0.12985791666666666,0.0371022619047619
96,mpc,success,true,Solve_Succeeded,36,0.025649083,2023-01-05T23:00:00Z,2023-01-06T23:00:00Z,0.12962083333333332,0.03703452380952381
97,mpc,success,true,Solve_Succeeded,32,0.0228775,2023-01-06T00:00:00Z,2023-01-07T00:00:00Z,0.1292070833333333,0.03691630952380952
98,mpc,success,true,Solve_Succeeded,25,0.018852042,2023-01-06T01:00:00Z,2023-01-07T01:00:00Z,0.1290845833333333,0.03688130952380952
99,mpc,success,true,Solve_Succeeded,24,0.017905625,2023-01-06T02:00:00Z,2023-01-07T02:00:00Z,0.12901083333333332,0.03686023809523809
100,mpc,success,true,Solve_Succeeded,24,0.019154542,2023-01-06T03:00:00Z,2023-01-07T03:00:00Z,0.1291125,0.036889285714285715
101,mpc,success,true,Solve_Succeeded,31,0.024003958,2023-01-06T04:00:00Z,2023-01-07T04:00:00Z,0.12920458333333332,0.03691559523809523
102,mpc,success,true,Solve_Succeeded,39,0.03043525,2023-01-06T05:00:00Z,2023-01-07T05:00:00Z,0.12885291666666665,0.03681511904761904
103,mpc,success,true,Solve_Succeeded,36,0.027050084,2023-01-06T06:00:00Z,2023-01-07T06:00:00Z,0.12800291666666666,0.036572261904761906
104,mpc,success,true,Solve_Succeeded,30,0.022449,2023-01-06T07:00:00Z,2023-01-07T07:00:00Z,0.12739916666666665,0.0363997619047619
105,mpc,success,true,Solve_Succeeded,29,0.021537458,2023-01-06T08:00:00Z,2023-01-07T08:00:00Z,0.12685749999999998,0.03624499999999999
106,mpc,success,true,Solve_Succeeded,35,0.026313959,2023-01-06T09:00:00Z,2023-01-07T09:00:00Z,0.12462708333333332,0.03560773809523809
107,mpc,success,true,Solve_Succeeded,51,0.038959,2023-01-06T10:00:00Z,2023-01-07T10:00:00Z,0.1212225,0.034635
108,mpc,success,true,Solve_Succeeded,52,0.038719292,2023-01-06T11:00:00Z,2023-01-07T11:00:00Z,0.11808291666666666,0.033737976190476186
109,mpc,success,true,Solve_Succeeded,36,0.027411833,2023-01-06T12:00:00Z,2023-01-07T12:00:00Z,0.11590375000000001,0.03311535714285715
110,mpc,success,true,Solve_Succeeded,47,0.035324958,2023-01-06T13:00:00Z,2023-01-07T13:00:00Z,0.11337416666666666,0.032392619047619045
111,mpc,success,true,Solve_Succeeded,34,0.025294333,2023-01-06T14:00:00Z,2023-01-07T14:00:00Z,0.11054083333333331,0.03158309523809523
112,mpc,success,true,Solve_Succeeded,30,0.025542667,2023-01-06T15:00:00Z,2023-01-07T15:00:00Z,0.10706166666666665,0.030589047619047616
113,mpc,success,true,Solve_Succeeded,29,0.023483167,2023-01-06T16:00:00Z,2023-01-07T16:00:00Z,0.10515375,0.030043928571428572
114,mpc,success,true,Solve_Succeeded,30,0.024329417,2023-01-06T17:00:00Z,2023-01-07T17:00:00Z,0.10275333333333331,0.029358095238095232
115,mpc,success,true,Solve_Succeeded,33,0.026727667,2023-01-06T18:00:00Z,2023-01-07T18:00:00Z,0.10014749999999999,0.028613571428571426
116,mpc,success,true,Solve_Succeeded,32,0.023500208,2023-01-06T19:00:00Z,2023-01-07T19:00:00Z,0.0980333333333333,0.0280095238095238
117,mpc,success,true,Solve_Succeeded,32,0.023401125,2023-01-06T20:00:00Z,2023-01-07T20:00:00Z,0.09593791666666666,0.027410833333333332
118,mpc,success,true,Solve_Succeeded,32,0.023385167,2023-01-06T21:00:00Z,2023-01-07T21:00:00Z,0.09306874999999998,0.026591071428571422
119,mpc,success,true,Solved_To_Acceptable_Level,32,0.022773625,2023-01-06T22:00:00Z,2023-01-07T22:00:00Z,0.08978791666666665,0.025653690476190472
120,mpc,success,true,Solved_To_Acceptable_Level,32,0.023213917,2023-01-06T23:00:00Z,2023-01-07T23:00:00Z,0.08634958333333331,0.02467130952380952
121,mpc,success,true,Solved_To_Acceptable_Level,32,0.0227475,2023-01-07T00:00:00Z,2023-01-08T00:00:00Z,0.08277749999999999,0.023650714285714282
122,mpc,success,true,Solved_To_Acceptable_Level,32,0.024278208,2023-01-07T01:00:00Z,2023-01-08T01:00:00Z,0.07906541666666665,0.022590119047619043
123,mpc,success,true,Solve_Succeeded,33,0.024247125,2023-01-07T02:00:00Z,2023-01-08T02:00:00Z,0.07548791666666665,0.021567976190476186
124,mpc,success,true,Solved_To_Acceptable_Level,33,0.024295791,2023-01-07T03:00:00Z,2023-01-08T03:00:00Z,0.07213791666666665,0.020610833333333328
125,mpc,success,true,Solve_Succeeded,33,0.024606708,2023-01-07T04:00:00Z,2023-01-08T04:00:00Z,0.06906041666666667,0.019731547619047617
126,mpc,success,true,Solved_To_Acceptable_Level,33,0.024079667,2023-01-07T05:00:00Z,2023-01-08T05:00:00Z,0.06636041666666666,0.018960119047619045
127,mpc,success,true,Solved_To_Acceptable_Level,33,0.024909167,2023-01-07T06:00:00Z,2023-01-08T06:00:00Z,0.06354916666666666,0.01815690476190476
128,mpc,success,true,Solved_To_Acceptable_Level,31,0.023048125,2023-01-07T07:00:00Z,2023-01-08T07:00:00Z,0.06037999999999999,0.017251428571428567
129,mpc,success,true,Solved_To_Acceptable_Level,32,0.024284625,2023-01-07T08:00:00Z,2023-01-08T08:00:00Z,0.05789208333333332,0.016540595238095236
130,mpc,success,true,Solved_To_Acceptable_Level,34,0.025863167,2023-01-07T09:00:00Z,2023-01-08T09:00:00Z,0.05664833333333333,0.016185238095238093
131,mpc,success,true,Solved_To_Acceptable_Level,34,0.026209583,2023-01-07T10:00:00Z,2023-01-08T10:00:00Z,0.05636458333333333,0.016104166666666666
132,mpc,success,true,Solved_To_Acceptable_Level,32,0.022925583,2023-01-07T11:00:00Z,2023-01-08T11:00:00Z,0.057012499999999994,0.01628928571428571
133,mpc,success,true,Solved_To_Acceptable_Level,29,0.021530292,2023-01-07T12:00:00Z,2023-01-08T12:00:00Z,0.05758708333333332,0.016453452380952378
134,mpc,success,true,Solved_To_Acceptable_Level,31,0.026511,2023-01-07T13:00:00Z,2023-01-08T13:00:00Z,0.05861666666666666,0.016747619047619046
135,mpc,success,true,Solved_To_Acceptable_Level,29,0.0222245,2023-01-07T14:00:00Z,2023-01-08T14:00:00Z,0.059212083333333325,0.016917738095238093
136,mpc,success,true,Solve_Succeeded,31,0.023262125,2023-01-07T15:00:00Z,2023-01-08T15:00:00Z,0.059896666666666654,0.01711333333333333
137,mpc,success,true,Solve_Succeeded,30,0.022634917,2023-01-07T16:00:00Z,2023-01-08T16:00:00Z,0.06048499999999998,0.017281428571428566
138,mpc,success,true,Solve_Succeeded,30,0.022205125,2023-01-07T17:00:00Z,2023-01-08T17:00:00Z,0.061334999999999994,0.01752428571428571
139,mpc,success,true,Solve_Succeeded,28,0.020114792,2023-01-07T18:00:00Z,2023-01-08T18:00:00Z,0.06224333333333332,0.017783809523809518
140,mpc,success,true,Solve_Succeeded,25,0.018324292,2023-01-07T19:00:00Z,2023-01-08T19:00:00Z,0.06280333333333332,0.01794380952380952
141,mpc,success,true,Solve_Succeeded,20,0.014454084,2023-01-07T20:00:00Z,2023-01-08T20:00:00Z,0.06344124999999999,0.018126071428571425
142,mpc,success,true,Solve_Succeeded,18,0.013110542,2023-01-07T21:00:00Z,2023-01-08T21:00:00Z,0.06492749999999999,0.01855071428571428
143,mpc,success,true,Solve_Succeeded,19,0.01510625,2023-01-07T22:00:00Z,2023-01-08T22:00:00Z,0.06693499999999998,0.019124285714285708
144,mpc,success,true,Solve_Succeeded,18,0.013751375,2023-01-07T23:00:00Z,2023-01-08T23:00:00Z,0.06870791666666666,0.01963083333333333
145,mpc,success,true,Solve_Succeeded,18,0.013976334,2023-01-08T00:00:00Z,2023-01-09T00:00:00Z,0.07135708333333332,0.02038773809523809
146,mpc,success,true,Solve_Succeeded,16,0.0131805,2023-01-08T01:00:00Z,2023-01-09T01:00:00Z,0.07366166666666665,0.021046190476190472
147,mpc,success,true,Solve_Succeeded,15,0.011699958,2023-01-08T02:00:00Z,2023-01-09T02:00:00Z,0.07579416666666666,0.02165547619047619
148,mpc,success,true,Solve_Succeeded,17,0.013251666,2023-01-08T03:00:00Z,2023-01-09T03:00:00Z,0.07729208333333332,0.022083452380952377
149,mpc,success,true,Solve_Succeeded,20,0.015684125,2023-01-08T04:00:00Z,2023-01-09T04:00:00Z,0.07897208333333332,0.022563452380952375
150,mpc,success,true,Solve_Succeeded,24,0.018945209,2023-01-08T05:00:00Z,2023-01-09T05:00:00Z,0.08163833333333331,0.02332523809523809
151,mpc,success,true,Solve_Succeeded,29,0.023810417,2023-01-08T06:00:00Z,2023-01-09T06:00:00Z,0.08572624999999996,0.024493214285714274
152,mpc,success,true,Solve_Succeeded,21,0.018122959,2023-01-08T07:00:00Z,2023-01-09T07:00:00Z,0.09170666666666664,0.026201904761904756
153,mpc,success,true,Solve_Succeeded,15,0.013130875,2023-01-08T08:00:00Z,2023-01-09T08:00:00Z,0.09711374999999996,0.027746785714285703
154,mpc,success,true,Solve_Succeeded,18,0.015351625,2023-01-08T09:00:00Z,2023-01-09T09:00:00Z,0.10103624999999998,0.028867499999999994
155,mpc,success,true,Solve_Succeeded,19,0.014772625,2023-01-08T10:00:00Z,2023-01-09T10:00:00Z,0.10375499999999997,0.029644285714285706
156,mpc,success,true,Solve_Succeeded,17,0.013617916,2023-01-08T11:00:00Z,2023-01-09T11:00:00Z,0.10612624999999998,0.030321785714285707
157,mpc,success,true,Solve_Succeeded,21,0.016398584,2023-01-08T12:00:00Z,2023-01-09T12:00:00Z,0.10776416666666662,0.030789761904761893
158,mpc,success,true,Solve_Succeeded,21,0.016513333,2023-01-08T13:00:00Z,2023-01-09T13:00:00Z,0.10955874999999998,0.0313025
159,mpc,success,true,Solve_Succeeded,18,0.014387208,2023-01-08T14:00:00Z,2023-01-09T14:00:00Z,0.11100374999999996,0.03171535714285713
160,mpc,success,true,Solve_Succeeded,19,0.014718625,2023-01-08T15:00:00Z,2023-01-09T15:00:00Z,0.1129995833333333,0.03228559523809523
161,mpc,success,true,Solve_Succeeded,18,0.014210458,2023-01-08T16:00:00Z,2023-01-09T16:00:00Z,0.1152333333333333,0.032923809523809515
162,mpc,success,true,Solve_Succeeded,21,0.017085334,2023-01-08T17:00:00Z,2023-01-09T17:00:00Z,0.11754791666666664,0.03358511904761904
163,mpc,success,true,Solve_Succeeded,21,0.016952375,2023-01-08T18:00:00Z,2023-01-09T18:00:00Z,0.12002374999999998,0.0342925
164,mpc,success,true,Solve_Succeeded,21,0.016250667,2023-01-08T19:00:00Z,2023-01-09T19:00:00Z,0.1225570833333333,0.03501630952380951
165,mpc,success,true,Solve_Succeeded,21,0.016174667,2023-01-08T20:00:00Z,2023-01-09T20:00:00Z,0.1248945833333333,0.035684166666666656
166,mpc,success,true,Solve_Succeeded,21,0.0164005,2023-01-08T21:00:00Z,2023-01-09T21:00:00Z,0.12657291666666662,0.03616369047619046
167,mpc,success,true,Solve_Succeeded,21,0.016122959,2023-01-08T22:00:00Z,2023-01-09T22:00:00Z,0.1279320833333333,0.036552023809523805
168,mpc,success,true,Solve_Succeeded,20,0.015603458,2023-01-08T23:00:00Z,2023-01-09T23:00:00Z,0.1290558333333333,0.036873095238095226
169,mpc,success,true,Solve_Succeeded,19,0.01477825,2023-01-09T00:00:00Z,2023-01-10T00:00:00Z,0.13034249999999997,0.03724071428571428
170,mpc,success,true,Solve_Succeeded,19,0.014758584,2023-01-09T01:00:00Z,2023-01-10T01:00:00Z,0.13168999999999997,0.037625714285714276
171,mpc,success,true,Solve_Succeeded,19,0.014772667,2023-01-09T02:00:00Z,2023-01-10T02:00:00Z,0.13314291666666664,0.03804083333333332
172,mpc,success,true,Solve_Succeeded,20,0.015679458,2023-01-09T03:00:00Z,2023-01-10T03:00:00Z,0.13526458333333333,0.038647023809523805
173,mpc,success,true,Solve_Succeeded,20,0.015533083,2023-01-09T04:00:00Z,2023-01-10T04:00:00Z,0.13745166666666667,0.039271904761904765
174,mpc,success,true,Solve_Succeeded,18,0.01448925,2023-01-09T05:00:00Z,2023-01-10T05:00:00Z,0.13909874999999997,0.03974249999999999
175,mpc,success,true,Solve_Succeeded,19,0.014483208,2023-01-09T06:00:00Z,2023-01-10T06:00:00Z,0.14039041666666666,0.040111547619047616
176,mpc,success,true,Solve_Succeeded,21,0.016328833,2023-01-09T07:00:00Z,2023-01-10T07:00:00Z,0.14022374999999998,0.04006392857142856
177,mpc,success,true,Solve_Succeeded,18,0.013445042,2023-01-09T08:00:00Z,2023-01-10T08:00:00Z,0.14189041666666666,0.04054011904761905
178,mpc,success,true,Solve_Succeeded,22,0.016809459,2023-01-09T09:00:00Z,2023-01-10T09:00:00Z,0.14375875000000002,0.041073928571428574
179,mpc,success,true,Solve_Succeeded,20,0.015715375,2023-01-09T10:00:00Z,2023-01-10T10:00:00Z,0.14394166666666666,0.041126190476190476
180,mpc,success,true,Solve_Succeeded,18,0.013303167,2023-01-09T11:00:00Z,2023-01-10T11:00:00Z,0.1433925,0.040969285714285715
181,mpc,success,true,Solve_Succeeded,21,0.01535875,2023-01-09T12:00:00Z,2023-01-10T12:00:00Z,0.14340291666666666,0.0409722619047619
182,mpc,success,true,Solve_Succeeded,21,0.015389708,2023-01-09T13:00:00Z,2023-01-10T13:00:00Z,0.14338666666666666,0.040967619047619044
183,mpc,success,true,Solve_Succeeded,22,0.016254041,2023-01-09T14:00:00Z,2023-01-10T14:00:00Z,0.14365499999999998,0.04104428571428571
184,mpc,success,true,Solve_Succeeded,20,0.014452875,2023-01-09T15:00:00Z,2023-01-10T15:00:00Z,0.14343375,0.04098107142857143
185,mpc,success,true,Solve_Succeeded,18,0.013149459,2023-01-09T16:00:00Z,2023-01-10T16:00:00Z,0.14251999999999998,0.04071999999999999
186,mpc,success,true,Solve_Succeeded,23,0.01662025,2023-01-09T17:00:00Z,2023-01-10T17:00:00Z,0.14142124999999997,0.04040607142857142
187,mpc,success,true,Solve_Succeeded,25,0.018816792,2023-01-09T18:00:00Z,2023-01-10T18:00:00Z,0.13986124999999996,0.03996035714285713
188,mpc,success,true,Solve_Succeeded,20,0.014813375,2023-01-09T19:00:00Z,2023-01-10T19:00:00Z,0.13818875,0.0394825
189,mpc,success,true,Solve_Succeeded,20,0.014904416,2023-01-09T20:00:00Z,2023-01-10T20:00:00Z,0.13661791666666664,0.03903369047619047
190,mpc,success,true,Solve_Succeeded,19,0.014380458,2023-01-09T21:00:00Z,2023-01-10T21:00:00Z,0.13507499999999997,0.03859285714285714
191,mpc,success,true,Solve_Succeeded,20,0.014673459,2023-01-09T22:00:00Z,2023-01-10T22:00:00Z,0.13299166666666665,0.037997619047619044
192,mpc,success,true,Solve_Succeeded,20,0.014779083,2023-01-09T23:00:00Z,2023-01-10T23:00:00Z,0.13026875,0.037219642857142854
193,mpc,success,true,Solve_Succeeded,21,0.015393209,2023-01-10T00:00:00Z,2023-01-11T00:00:00Z,0.12605999999999998,0.03601714285714285
194,mpc,success,true,Solve_Succeeded,22,0.016140916,2023-01-10T01:00:00Z,2023-01-11T01:00:00Z,0.12202999999999999,0.034865714285714285
195,mpc,success,true,Solve_Succeeded,21,0.015668041,2023-01-10T02:00:00Z,2023-01-11T02:00:00Z,0.11805166666666665,0.03372904761904762
196,mpc,success,true,Solve_Succeeded,24,0.018386917,2023-01-10T03:00:00Z,2023-01-11T03:00:00Z,0.11427833333333332,0.03265095238095238
197,mpc,success,true,Solve_Succeeded,23,0.017680417,2023-01-10T04:00:00Z,2023-01-11T04:00:00Z,0.11029458333333331,0.03151273809523809
198,mpc,success,true,Solve_Succeeded,23,0.020704833,2023-01-10T05:00:00Z,2023-01-11T05:00:00Z,0.1058775,0.030250714285714287
199,mpc,success,true,Solve_Succeeded,24,0.017445042,2023-01-10T06:00:00Z,2023-01-11T06:00:00Z,0.10250999999999999,0.029288571428571424
200,mpc,success,true,Solve_Succeeded,24,0.018452875,2023-01-10T07:00:00Z,2023-01-11T07:00:00Z,0.09980624999999999,0.028516071428571425
201,mpc,success,true,Solve_Succeeded,28,0.0226935,2023-01-10T08:00:00Z,2023-01-11T08:00:00Z,0.09745541666666664,0.027844404761904754
202,mpc,success,true,Solve_Succeeded,33,0.025867,2023-01-10T09:00:00Z,2023-01-11T09:00:00Z,0.09468874999999999,0.02705392857142857
203,mpc,success,true,Solve_Succeeded,31,0.023457209,2023-01-10T10:00:00Z,2023-01-11T10:00:00Z,0.09336624999999998,0.026676071428571424
204,mpc,success,true,Solve_Succeeded,32,0.024774,2023-01-10T11:00:00Z,2023-01-11T11:00:00Z,0.09265791666666666,0.026473690476190474
205,mpc,success,true,Solve_Succeeded,31,0.0235355,2023-01-10T12:00:00Z,2023-01-11T12:00:00Z,0.09168166666666666,0.026194761904761905
206,mpc,success,true,Solve_Succeeded,31,0.023044375,2023-01-10T13:00:00Z,2023-01-11T13:00:00Z,0.09038416666666667,0.025824047619047618
207,mpc,success,true,Solve_Succeeded,32,0.023473917,2023-01-10T14:00:00Z,2023-01-11T14:00:00Z,0.08914791666666666,0.02547083333333333
208,mpc,success,true,Solve_Succeeded,30,0.021663459,2023-01-10T15:00:00Z,2023-01-11T15:00:00Z,0.08801916666666666,0.02514833333333333
209,mpc,success,true,Solve_Succeeded,30,0.021698292,2023-01-10T16:00:00Z,2023-01-11T16:00:00Z,0.087215,0.02491857142857143
210,mpc,success,true,Solve_Succeeded,30,0.021169708,2023-01-10T17:00:00Z,2023-01-11T17:00:00Z,0.08662708333333335,0.024750595238095245
211,mpc,success,true,Solve_Succeeded,31,0.023197459,2023-01-10T18:00:00Z,2023-01-11T18:00:00Z,0.08617416666666666,0.024621190476190474
212,mpc,success,true,Solve_Succeeded,29,0.023345667,2023-01-10T19:00:00Z,2023-01-11T19:00:00Z,0.08616583333333334,0.024618809523809525
213,mpc,success,true,Solve_Succeeded,27,0.022937,2023-01-10T20:00:00Z,2023-01-11T20:00:00Z,0.0859875,0.02456785714285714
214,mpc,success,true,Solve_Succeeded,23,0.016878417,2023-01-10T21:00:00Z,2023-01-11T21:00:00Z,0.08569458333333335,0.02448416666666667
215,mpc,success,true,Solve_Succeeded,21,0.015173875,2023-01-10T22:00:00Z,2023-01-11T22:00:00Z,0.0861125,0.024603571428571426
216,mpc,success,true,Solve_Succeeded,20,0.014473292,2023-01-10T23:00:00Z,2023-01-11T23:00:00Z,0.08720708333333334,0.024916309523809525
217,mpc,success,true,Solve_Succeeded,20,0.014608084,2023-01-11T00:00:00Z,2023-01-12T00:00:00Z,0.08790458333333334,0.02511559523809524
218,mpc,success,true,Solve_Succeeded,20,0.014851375,2023-01-11T01:00:00Z,2023-01-12T01:00:00Z,0.08815125000000001,0.025186071428571433
219,mpc,success,true,Solve_Succeeded,22,0.016268792,2023-01-11T02:00:00Z,2023-01-12T02:00:00Z,0.08840083333333333,0.02525738095238095
220,mpc,success,true,Solve_Succeeded,23,0.016738959,2023-01-11T03:00:00Z,2023-01-12T03:00:00Z,0.08841458333333334,0.025261309523809526
221,mpc,success,true,Solve_Succeeded,20,0.014350667,2023-01-11T04:00:00Z,2023-01-12T04:00:00Z,0.08852833333333332,0.02529380952380952
222,mpc,success,true,Solve_Succeeded,19,0.013672625,2023-01-11T05:00:00Z,2023-01-12T05:00:00Z,0.089485,0.025567142857142854
223,mpc,success,true,Solve_Succeeded,21,0.0153475,2023-01-11T06:00:00Z,2023-01-12T06:00:00Z,0.09066875,0.025905357142857143
224,mpc,success,true,Solve_Succeeded,21,0.014922,2023-01-11T07:00:00Z,2023-01-12T07:00:00Z,0.09167874999999999,0.02619392857142857
225,mpc,success,true,Solve_Succeeded,18,0.012853916,2023-01-11T08:00:00Z,2023-01-12T08:00:00Z,0.09063791666666665,0.025896547619047614
226,mpc,success,true,Solve_Succeeded,17,0.012171208,2023-01-11T09:00:00Z,2023-01-12T09:00:00Z,0.09067958333333333,0.02590845238095238
227,mpc,success,true,Solve_Succeeded,21,0.014981958,2023-01-11T10:00:00Z,2023-01-12T10:00:00Z,0.08977208333333332,0.025649166666666664
228,mpc,success,true,Solve_Succeeded,21,0.014893833,2023-01-11T11:00:00Z,2023-01-12T11:00:00Z,0.08899374999999998,0.02542678571428571
229,mpc,success,true,Solve_Succeeded,20,0.014420125,2023-01-11T12:00:00Z,2023-01-12T12:00:00Z,0.08853041666666667,0.02529440476190476
230,mpc,success,true,Solve_Succeeded,20,0.014242875,2023-01-11T13:00:00Z,2023-01-12T13:00:00Z,0.08821083333333334,0.02520309523809524
231,mpc,success,true,Solve_Succeeded,21,0.014916292,2023-01-11T14:00:00Z,2023-01-12T14:00:00Z,0.08798166666666667,0.025137619047619048
232,mpc,success,true,Solve_Succeeded,21,0.014898083,2023-01-11T15:00:00Z,2023-01-12T15:00:00Z,0.08755791666666664,0.025016547619047612
233,mpc,success,true,Solve_Succeeded,20,0.014267041,2023-01-11T16:00:00Z,2023-01-12T16:00:00Z,0.08702041666666666,0.02486297619047619
234,mpc,success,true,Solve_Succeeded,23,0.016362959,2023-01-11T17:00:00Z,2023-01-12T17:00:00Z,0.0868625,0.02481785714285714
235,mpc,success,true,Solve_Succeeded,26,0.019325583,2023-01-11T18:00:00Z,2023-01-12T18:00:00Z,0.08730541666666665,0.024944404761904758
236,mpc,success,true,Solve_Succeeded,24,0.017651208,2023-01-11T19:00:00Z,2023-01-12T19:00:00Z,0.08730958333333332,0.024945595238095232
237,mpc,success,true,Solve_Succeeded,23,0.017744583,2023-01-11T20:00:00Z,2023-01-12T20:00:00Z,0.087835,0.025095714285714284
238,mpc,success,true,Solve_Succeeded,22,0.017161292,2023-01-11T21:00:00Z,2023-01-12T21:00:00Z,0.08746541666666664,0.024990119047619042
239,mpc,success,true,Solve_Succeeded,21,0.015472167,2023-01-11T22:00:00Z,2023-01-12T22:00:00Z,0.08671833333333333,0.024776666666666666
240,mpc,success,true,Solve_Succeeded,19,0.01455575,2023-01-11T23:00:00Z,2023-01-12T23:00:00Z,0.08551749999999997,0.02443357142857142
241,mpc,success,true,Solve_Succeeded,19,0.014874417,2023-01-12T00:00:00Z,2023-01-13T00:00:00Z,0.0859833333333333,0.024566666666666657
242,mpc,success,true,Solve_Succeeded,20,0.016802542,2023-01-12T01:00:00Z,2023-01-13T01:00:00Z,0.08645333333333331,0.024700952380952376
243,mpc,success,true,Solve_Succeeded,20,0.017801208,2023-01-12T02:00:00Z,2023-01-13T02:00:00Z,0.08665208333333331,0.02475773809523809
244,mpc,success,true,Solve_Succeeded,21,0.017606667,2023-01-12T03:00:00Z,2023-01-13T03:00:00Z,0.08675833333333331,0.02478809523809523
245,mpc,success,true,Solve_Succeeded,20,0.017576542,2023-01-12T04:00:00Z,2023-01-13T04:00:00Z,0.08678416666666665,0.024795476190476184
246,mpc,success,true,Solve_Succeeded,19,0.016591292,2023-01-12T05:00:00Z,2023-01-13T05:00:00Z,0.08679041666666665,0.0247972619047619
247,mpc,success,true,Solve_Succeeded,18,0.014225958,2023-01-12T06:00:00Z,2023-01-13T06:00:00Z,0.08553124999999999,0.024437499999999997
248,mpc,success,true,Solve_Succeeded,21,0.015354833,2023-01-12T07:00:00Z,2023-01-13T07:00:00Z,0.08441874999999999,0.024119642857142853
249,mpc,success,true,Solve_Succeeded,21,0.015870792,2023-01-12T08:00:00Z,2023-01-13T08:00:00Z,0.08332833333333332,0.023808095238095236
250,mpc,success,true,Solve_Succeeded,23,0.0175915,2023-01-12T09:00:00Z,2023-01-13T09:00:00Z,0.0812645833333333,0.023218452380952374
251,mpc,success,true,Solve_Succeeded,19,0.013969208,2023-01-12T10:00:00Z,2023-01-13T10:00:00Z,0.0807270833333333,0.02306488095238094
252,mpc,success,true,Solve_Succeeded,19,0.014066375,2023-01-12T11:00:00Z,2023-01-13T11:00:00Z,0.07977333333333331,0.022792380952380946
253,mpc,success,true,Solve_Succeeded,18,0.013110375,2023-01-12T12:00:00Z,2023-01-13T12:00:00Z,0.07852624999999996,0.02243607142857142
254,mpc,success,true,Solve_Succeeded,21,0.016225209,2023-01-12T13:00:00Z,2023-01-13T13:00:00Z,0.07716666666666663,0.022047619047619038
255,mpc,success,true,Solve_Succeeded,20,0.016319792,2023-01-12T14:00:00Z,2023-01-13T14:00:00Z,0.07566624999999998,0.021618928571428563
256,mpc,success,true,Solve_Succeeded,20,0.017177416,2023-01-12T15:00:00Z,2023-01-13T15:00:00Z,0.07449708333333331,0.021284880952380947
257,mpc,success,true,Solve_Succeeded,20,0.017227083,2023-01-12T16:00:00Z,2023-01-13T16:00:00Z,0.07364999999999998,0.021042857142857137
258,mpc,success,true,Solve_Succeeded,24,0.01902825,2023-01-12T17:00:00Z,2023-01-13T17:00:00Z,0.07414291666666664,0.02118369047619047
259,mpc,success,true,Solve_Succeeded,30,0.021900041,2023-01-12T18:00:00Z,2023-01-13T18:00:00Z,0.07458041666666665,0.02130869047619047
260,mpc,success,true,Solve_Succeeded,28,0.020656625,2023-01-12T19:00:00Z,2023-01-13T19:00:00Z,0.0751720833333333,0.021477738095238088
261,mpc,success,true,Solve_Succeeded,26,0.019561292,2023-01-12T20:00:00Z,2023-01-13T20:00:00Z,0.07478166666666665,0.021366190476190473
262,mpc,success,true,Solve_Succeeded,24,0.018019709,2023-01-12T21:00:00Z,2023-01-13T21:00:00Z,0.0764233333333333,0.021835238095238085
263,mpc,success,true,Solve_Succeeded,20,0.01552475,2023-01-12T22:00:00Z,2023-01-13T22:00:00Z,0.07833583333333331,0.02238166666666666
264,mpc,success,true,Solve_Succeeded,20,0.015530875,2023-01-12T23:00:00Z,2023-01-13T23:00:00Z,0.08070583333333331,0.023058809523809516
265,mpc,success,true,Solve_Succeeded,42,0.03272975,2023-01-13T00:00:00Z,2023-01-14T00:00:00Z,0.08495916666666666,0.024274047619047615
266,mpc,success,true,Solve_Succeeded,39,0.028588834,2023-01-13T01:00:00Z,2023-01-14T01:00:00Z,0.0891258333333333,0.0254645238095238
267,mpc,success,true,Solve_Succeeded,29,0.021853375,2023-01-13T02:00:00Z,2023-01-14T02:00:00Z,0.09280249999999997,0.02651499999999999
268,mpc,success,true,Solve_Succeeded,31,0.023397875,2023-01-13T03:00:00Z,2023-01-14T03:00:00Z,0.09508583333333331,0.027167380952380946
269,mpc,success,true,Solve_Succeeded,30,0.022263208,2023-01-13T04:00:00Z,2023-01-14T04:00:00Z,0.09664833333333332,0.02761380952380952
270,mpc,success,true,Solve_Succeeded,29,0.021927208,2023-01-13T05:00:00Z,2023-01-14T05:00:00Z,0.09728666666666665,0.02779619047619047
271,mpc,success,true,Solve_Succeeded,47,0.035069208,2023-01-13T06:00:00Z,2023-01-14T06:00:00Z,0.0968533333333333,0.027672380952380945
272,mpc,success,true,Solve_Succeeded,25,0.019229375,2023-01-13T07:00:00Z,2023-01-14T07:00:00Z,0.09544708333333331,0.02727059523809523
273,mpc,success,true,Solve_Succeeded,31,0.023621167,2023-01-13T08:00:00Z,2023-01-14T08:00:00Z,0.09397708333333332,0.026850595238095236
274,mpc,success,true,Solve_Succeeded,32,0.024644875,2023-01-13T09:00:00Z,2023-01-14T09:00:00Z,0.09368666666666665,0.026767619047619044
275,mpc,success,true,Solve_Succeeded,27,0.020596708,2023-01-13T10:00:00Z,2023-01-14T10:00:00Z,0.09367124999999998,0.026763214285714283
276,mpc,success,true,Solve_Succeeded,32,0.026014583,2023-01-13T11:00:00Z,2023-01-14T11:00:00Z,0.09409499999999998,0.02688428571428571
277,mpc,success,true,Solve_Succeeded,22,0.01713725,2023-01-13T12:00:00Z,2023-01-14T12:00:00Z,0.09526999999999998,0.027219999999999994
278,mpc,success,true,Solve_Succeeded,28,0.02163775,2023-01-13T13:00:00Z,2023-01-14T13:00:00Z,0.09625416666666664,0.027501190476190467
279,mpc,success,true,Solve_Succeeded,25,0.018933,2023-01-13T14:00:00Z,2023-01-14T14:00:00Z,0.09707166666666665,0.0277347619047619
280,mpc,success,true,Solve_Succeeded,27,0.021020875,2023-01-13T15:00:00Z,2023-01-14T15:00:00Z,0.09787999999999998,0.02796571428571428
281,mpc,success,true,Solve_Succeeded,32,0.024379791,2023-01-13T16:00:00Z,2023-01-14T16:00:00Z,0.09839749999999998,0.028113571428571425
282,mpc,success,true,Solve_Succeeded,30,0.023640708,2023-01-13T17:00:00Z,2023-01-14T17:00:00Z,0.0980820833333333,0.028023452380952375
283,mpc,success,true,Solve_Succeeded,34,0.026539,2023-01-13T18:00:00Z,2023-01-14T18:00:00Z,0.09763208333333333,0.027894880952380952
284,mpc,success,true,Solve_Succeeded,42,0.031107708,2023-01-13T19:00:00Z,2023-01-14T19:00:00Z,0.09691541666666666,0.027690119047619043
285,mpc,success,true,Solve_Succeeded,23,0.016687375,2023-01-13T20:00:00Z,2023-01-14T20:00:00Z,0.09782125000000001,0.027948928571428576
286,mpc,success,true,Solve_Succeeded,33,0.024279375,2023-01-13T21:00:00Z,2023-01-14T21:00:00Z,0.09673666666666665,0.027639047619047615
287,mpc,success,true,Solve_Succeeded,31,0.023122708,2023-01-13T22:00:00Z,2023-01-14T22:00:00Z,0.09562916666666667,0.027322619047619047
288,mpc,success,true,Solve_Succeeded,25,0.019088333,2023-01-13T23:00:00Z,2023-01-14T23:00:00Z,0.09445458333333334,0.02698702380952381
289,mpc,success,true,Solve_Succeeded,22,0.017518667,2023-01-14T00:00:00Z,2023-01-15T00:00:00Z,0.09133000000000001,0.026094285714285716
290,mpc,success,true,Solve_Succeeded,21,0.017438375,2023-01-14T01:00:00Z,2023-01-15T01:00:00Z,0.08767166666666666,0.025049047619047617
291,mpc,success,true,Solve_Succeeded,20,0.015669917,2023-01-14T02:00:00Z,2023-01-15T02:00:00Z,0.08472416666666667,0.024206904761904763
292,mpc,success,true,Solve_Succeeded,18,0.014675458,2023-01-14T03:00:00Z,2023-01-15T03:00:00Z,0.08261958333333333,0.023605595238095238
293,mpc,success,true,Solve_Succeeded,18,0.014418542,2023-01-14T04:00:00Z,2023-01-15T04:00:00Z,0.08103958333333333,0.023154166666666667
294,mpc,success,true,Solve_Succeeded,18,0.013982917,2023-01-14T05:00:00Z,2023-01-15T05:00:00Z,0.07949916666666666,0.022714047619047616
295,mpc,success,true,Solve_Succeeded,17,0.013295375,2023-01-14T06:00:00Z,2023-01-15T06:00:00Z,0.07768583333333333,0.02219595238095238
296,mpc,success,true,Solve_Succeeded,20,0.015287833,2023-01-14T07:00:00Z,2023-01-15T07:00:00Z,0.07547374999999999,0.02156392857142857
297,mpc,success,true,Solve_Succeeded,20,0.01513125,2023-01-14T08:00:00Z,2023-01-15T08:00:00Z,0.07272583333333332,0.020778809523809522
298,mpc,success,true,Solve_Succeeded,21,0.015829417,2023-01-14T09:00:00Z,2023-01-15T09:00:00Z,0.07011333333333332,0.020032380952380947
299,mpc,success,true,Solve_Succeeded,21,0.016563584,2023-01-14T10:00:00Z,2023-01-15T10:00:00Z,0.06770208333333333,0.01934345238095238
300,mpc,success,true,Solve_Succeeded,23,0.017537417,2023-01-14T11:00:00Z,2023-01-15T11:00:00Z,0.06668958333333332,0.01905416666666666
301,mpc,success,true,Solve_Succeeded,23,0.017390334,2023-01-14T12:00:00Z,2023-01-15T12:00:00Z,0.06564916666666666,0.01875690476190476
302,mpc,success,true,Solve_Succeeded,23,0.01692075,2023-01-14T13:00:00Z,2023-01-15T13:00:00Z,0.06444708333333332,0.018413452380952378
303,mpc,success,true,Solve_Succeeded,24,0.018125375,2023-01-14T14:00:00Z,2023-01-15T14:00:00Z,0.06387625,0.01825035714285714
304,mpc,success,true,Solve_Succeeded,23,0.017241208,2023-01-14T15:00:00Z,2023-01-15T15:00:00Z,0.06329375,0.01808392857142857
305,mpc,success,true,Solve_Succeeded,25,0.019283875,2023-01-14T16:00:00Z,2023-01-15T16:00:00Z,0.06308541666666666,0.01802440476190476
306,mpc,success,true,Solve_Succeeded,24,0.018896666,2023-01-14T17:00:00Z,2023-01-15T17:00:00Z,0.06330958333333332,0.01808845238095238
307,mpc,success,true,Solve_Succeeded,25,0.02008125,2023-01-14T18:00:00Z,2023-01-15T18:00:00Z,0.06457625,0.018450357142857143
308,mpc,success,true,Solve_Succeeded,22,0.017474167,2023-01-14T19:00:00Z,2023-01-15T19:00:00Z,0.06752208333333333,0.019292023809523808
309,mpc,success,true,Solve_Succeeded,27,0.020934333,2023-01-14T20:00:00Z,2023-01-15T20:00:00Z,0.06987166666666667,0.019963333333333333
310,mpc,success,true,Solve_Succeeded,25,0.019039583,2023-01-14T21:00:00Z,2023-01-15T21:00:00Z,0.07274541666666667,0.020784404761904764
311,mpc,success,true,Solve_Succeeded,21,0.01629275,2023-01-14T22:00:00Z,2023-01-15T22:00:00Z,0.07551958333333333,0.02157702380952381
312,mpc,success,true,Solve_Succeeded,18,0.014229625,2023-01-14T23:00:00Z,2023-01-15T23:00:00Z,0.07818208333333333,0.022337738095238095
313,mpc,success,true,Solve_Succeeded,17,0.013512959,2023-01-15T00:00:00Z,2023-01-16T00:00:00Z,0.07818208333333333,0.022337738095238095
314,mpc,success,true,Solve_Succeeded,18,0.013950417,2023-01-15T01:00:00Z,2023-01-16T01:00:00Z,0.0794575,0.022702142857142858
315,mpc,success,true,Solve_Succeeded,19,0.014539666,2023-01-15T02:00:00Z,2023-01-16T02:00:00Z,0.08090708333333334,0.023116309523809525
316,mpc,success,true,Solve_Succeeded,18,0.01431875,2023-01-15T03:00:00Z,2023-01-16T03:00:00Z,0.08295541666666666,0.023701547619047615
317,mpc,success,true,Solve_Succeeded,18,0.013966041,2023-01-15T04:00:00Z,2023-01-16T04:00:00Z,0.08547083333333333,0.024420238095238096
318,mpc,success,true,Solve_Succeeded,29,0.022821166,2023-01-15T05:00:00Z,2023-01-16T05:00:00Z,0.08892708333333332,0.02540773809523809
319,mpc,success,true,Solve_Succeeded,24,0.01875375,2023-01-15T06:00:00Z,2023-01-16T06:00:00Z,0.09530416666666668,0.027229761904761906
320,mpc,success,true,Solve_Succeeded,22,0.016685708,2023-01-15T07:00:00Z,2023-01-16T07:00:00Z,0.10252499999999998,0.029292857142857138
321,mpc,success,true,Solve_Succeeded,20,0.015846042,2023-01-15T08:00:00Z,2023-01-16T08:00:00Z,0.10980791666666667,0.03137369047619048
322,mpc,success,true,Solve_Succeeded,17,0.013115417,2023-01-15T09:00:00Z,2023-01-16T09:00:00Z,0.11533291666666667,0.03295226190476191
323,mpc,success,true,Solve_Succeeded,23,0.017773458,2023-01-15T10:00:00Z,2023-01-16T10:00:00Z,0.12205125,0.034871785714285716
324,mpc,success,true,Solve_Succeeded,41,0.030062833,2023-01-15T11:00:00Z,2023-01-16T11:00:00Z,0.12583041666666667,0.03595154761904762
325,mpc,success,true,Solve_Succeeded,29,0.021433,2023-01-15T12:00:00Z,2023-01-16T12:00:00Z,0.12868833333333332,0.03676809523809523
326,mpc,success,true,Solve_Succeeded,33,0.024360916,2023-01-15T13:00:00Z,2023-01-16T13:00:00Z,0.13204083333333336,0.03772595238095239
327,mpc,success,true,Solve_Succeeded,26,0.0187085,2023-01-15T14:00:00Z,2023-01-16T14:00:00Z,0.13478875,0.03851107142857143
328,mpc,success,true,Solve_Succeeded,31,0.022673,2023-01-15T15:00:00Z,2023-01-16T15:00:00Z,0.13745041666666666,0.039271547619047616
329,mpc,success,true,Solve_Succeeded,30,0.021440542,2023-01-15T16:00:00Z,2023-01-16T16:00:00Z,0.13980250000000002,0.03994357142857143
330,mpc,success,true,Solve_Succeeded,31,0.02216825,2023-01-15T17:00:00Z,2023-01-16T17:00:00Z,0.14093375,0.04026678571428571
331,mpc,success,true,Solve_Succeeded,34,0.0261525,2023-01-15T18:00:00Z,2023-01-16T18:00:00Z,0.14089708333333334,0.04025630952380953
332,mpc,success,true,Solve_Succeeded,42,0.030363875,2023-01-15T19:00:00Z,2023-01-16T19:00:00Z,0.13893041666666664,0.03969440476190476
333,mpc,success,true,Solve_Succeeded,39,0.028520625,2023-01-15T20:00:00Z,2023-01-16T20:00:00Z,0.13668041666666667,0.03905154761904762
334,mpc,success,true,Solve_Succeeded,30,0.021705125,2023-01-15T21:00:00Z,2023-01-16T21:00:00Z,0.135165,0.03861857142857143
335,mpc,success,true,Solve_Succeeded,19,0.013719542,2023-01-15T22:00:00Z,2023-01-16T22:00:00Z,0.13380291666666666,0.03822940476190476
